{"params": {"BindingCount": 2, "PropagationLevels": 2, "PruneInterval": 60, "PruningThreshold": 0.2, "BindingThreshold": 0.5, "DownPotentialFactor": 0.2, "CompNameSortByPotential": false, "FiringThreshold": 0.25, "ZeroingThreshold": 0.05, "DecayFactor": 0.6, "InitialPotential": 0.2, "ReinforcementRate": 0.3, "RefractoryPeriod": 7, "PostSpikeFactor": 1.0, "DefaultEncoderCeiling": 1024, "DefaultEncoderFloor": 0, "DefaultEncoderResolution": 10, "TraceLength": 60}, "meta": {"S0": {"min": 0.0, "max": 1.0, "res": 10.0}, "S1": {"min": 0.0, "max": 1.0, "res": 10.0}, "S2": {"min": 0.0, "max": 1.0, "res": 10.0}, "S3": {"min": 0.0, "max": 1.0, "res": 10.0}, "S4": {"min": 0.0, "max": 1.0, "res": 10.0}, "S5": {"min": 0.0, "max": 1.0, "res": 10.0}, "S6": {"min": 0.0, "max": 1.0, "res": 10.0}, "S7": {"min": 0.0, "max": 1.0, "res": 10.0}, "S8": {"min": 0.0, "max": 1.0, "res": 10.0}, "S9": {"min": 0.0, "max": 1.0, "res": 10.0}, "F0": {"min": 0.0, "max": 1024.0, "res": 10.0}, "F1": {"min": 0.0, "max": 1024.0, "res": 10.0}, "F2": {"min": 0.0, "max": 1024.0, "res": 10.0}, "F3": {"min": 0.0, "max": 1024.0, "res": 10.0}, "F4": {"min": 0.0, "max": 1024.0, "res": 10.0}, "F5": {"min": 0.0, "max": 1024.0, "res": 10.0}, "F6": {"min": 0.0, "max": 1024.0, "res": 10.0}, "F7": {"min": 0.0, "max": 1024.0, "res": 10.0}, "F8": {"min": 0.0, "max": 1024.0, "res": 10.0}, "F9": {"min": 0.0, "max": 1024.0, "res": 10.0}}, "datainputs": {"14": ["F3~1-2"], "15": ["F1~0-1"]}, "tscores_sum": {"14": [["F4~1-2@-1", 0.4479670621946372], ["F1~0-1@0", 0.371275], ["F5~0-1@0", 0.369418625], ["F4~1-2@0", 0.365733674215625], ["F8~0-1@-1", 0.24504768791666667], ["F9~2-3@-1", 0.24504768791666667], ["F5~0-1@-1", 0.24260333722969793]], "15": [["F4~1-2@-1", 1.1839469912159633], ["F5~0-1@-1", 0.7752660127755729], ["F8~0-1@-1", 0.6458924219561435], ["F0~0-1@0", 0.4975], ["F6~1-2@-1", 0.3603514629978102], ["F9~2-3@-1", 0.3333333333333333], ["F7~1-2@-1", 0.314133131206375], ["S9~10-11@0", 0.3127128660625], ["F0~0-1@-1", 0.2532583693442297], ["F2~2-3@-1", 0.21438320964989044], ["S9~10-11@-1", 0.17647429408127083]], "16": [["F3~1-2@-1", 2.9497456461763205], ["F4~1-2@-1", 2.2692132798957947], ["F5~0-1@-1", 2.224388149521845], ["F1~0-1@-1", 1.5493560796928285], ["F1~0-1@0", 1.2033472956275728], ["F6~1-2@-1", 1.0833333333333333], ["F0~0-1@-1", 1.044302663110915], ["F8~0-1@-1", 1.0333333333333332], ["F7~1-2@-1", 1.0], ["F2~2-3@-1", 0.69295124638315], ["F3~1-2@0", 0.621651175], ["S9~10-11@-1", 0.6117003776456115], ["F0~0-1@0", 0.34141717252967485], ["F6~1-2@0", 0.3333333333333333], ["F1~0-1@1", 0.31448513339605827], ["F9~2-3@-1", 0.19999999999999998], ["S9~10-11@0", 0.17245838676255834], ["S5~10-11@-1", 0.1457986625], ["S7~10-11@-1", 0.1457986625]], "17": [["F1~0-1@-1", 2.221881164659352], ["F3~1-2@-1", 1.705214497992685], ["F4~1-2@-1", 1.5472182426729353], ["F0~0-1@-1", 1.4718811646593521], ["F5~0-1@-1", 1.2699999999999998], ["S9~10-11@-1", 1.0], ["F2~2-3@-1", 0.8], ["F6~1-2@-1", 0.65], ["F8~0-1@-1", 0.62], ["F7~1-2@-1", 0.6], ["S7~10-11@-1", 0.5], ["F1~0-1@0", 0.39999999999999997], ["S9~10-11@0", 0.3333333333333333], ["F0~0-1@0", 0.3333333333333333], ["S5~10-11@-1", 0.25], ["F3~1-2@0", 0.24], ["F6~1-2@0", 0.19999999999999998], ["F9~2-3@-1", 0.12]], "18": [["F1~0-1@-1", 1.2399999999999998], ["F3~1-2@-1", 0.9299999999999998], ["F4~1-2@-1", 0.8099999999999999], ["F0~0-1@-1", 0.7899999999999999], ["F5~0-1@-1", 0.69], ["S9~10-11@-1", 0.6], ["F2~2-3@-1", 0.48], ["F6~1-2@-1", 0.39], ["F7~1-2@-1", 0.36], ["S7~10-11@-1", 0.3], ["F8~0-1@-1", 0.3], ["F1~0-1@0", 0.24], ["S9~10-11@0", 0.19999999999999998], ["F0~0-1@0", 0.19999999999999998], ["S5~10-11@-1", 0.15], ["F6~1-2@0", 0.12]], "19": [["F1~0-1@-1", 0.6899999999999998], ["F0~0-1@-1", 0.41999999999999993], ["S9~10-11@-1", 0.36], ["S7~10-11@-1", 0.18], ["F2~2-3@-1", 0.18], ["S9~10-11@0", 0.12], ["F0~0-1@0", 0.12], ["S5~10-11@-1", 0.09], ["F4~1-2@-1", 0.09]], "20": []}, "htraces": {"14": [[0.74255, "CMP(F1~0-1,F3~1-2)", {"F1~0-1@0": 0.371275, "F3~1-2@0": 0.371275}], [0.73883725, "CMP(F3~1-2,F5~0-1)", {"F3~1-2@0": 0.369418625, "F5~0-1@0": 0.369418625}], [0.73514306375, "CMP(CMP(F8~0-1,F9~2-3),F3~1-2)", {"F8~0-1@-1": 0.24504768791666667, "F9~2-3@-1": 0.24504768791666667, "F3~1-2@0": 0.24504768791666667}], [0.73146734843125, "CMP(F3~1-2,F4~1-2)", {"F3~1-2@0": 0.365733674215625, "F4~1-2@0": 0.365733674215625}], [0.7278100116890938, "CMP(CMP(F4~1-2,F5~0-1),F3~1-2)", {"F4~1-2@-1": 0.24260333722969793, "F5~0-1@-1": 0.24260333722969793, "F3~1-2@0": 0.24260333722969793}], [0.6160911748948179, "F3~1-2", {"F3~1-2@1": 0.6160911748948179}], [0.6160911748948179, "CMP(CMP(F3~1-2,F4~1-2),F3~1-2)", {"F3~1-2@-1": 0.2053637249649393, "F4~1-2@-1": 0.2053637249649393, "F3~1-2@0": 0.2053637249649393}]], "15": [[1.0, "CMP(CMP(F8~0-1,F9~2-3),F3~1-2)", {"F8~0-1@-1": 0.3333333333333333, "F9~2-3@-1": 0.3333333333333333, "F3~1-2@0": 0.3333333333333333}], [1.0, "CMP(CMP(F4~1-2,F5~0-1),F3~1-2)", {"F4~1-2@-1": 0.3333333333333333, "F5~0-1@-1": 0.3333333333333333, "F3~1-2@0": 0.3333333333333333}], [0.995, "CMP(F0~0-1,F1~0-1)", {"F0~0-1@0": 0.4975, "F1~0-1@0": 0.4975}], [0.74255, "CMP(CMP(F3~1-2,F4~1-2),CMP(F6~1-2,F7~1-2))", {"F3~1-2@-1": 0.1856375, "F4~1-2@-1": 0.1856375, "F6~1-2@-1": 0.1856375, "F7~1-2@-1": 0.1856375}], [0.73883725, "CMP(F1~0-1,F3~1-2)", {"F1~0-1@0": 0.369418625, "F3~1-2@0": 0.369418625}], [0.625425732125, "CMP(F1~0-1,S9~10-11)", {"F1~0-1@0": 0.3127128660625, "S9~10-11@0": 0.3127128660625}], [0.5513805025, "CMP(CMP(F3~1-2,F4~1-2),CMP(F5~0-1,F8~0-1))", {"F3~1-2@-1": 0.137845125625, "F4~1-2@-1": 0.137845125625, "F5~0-1@-1": 0.137845125625, "F8~0-1@-1": 0.137845125625}], [0.5486235999875, "CMP(CMP(F0~0-1,F1~0-1),CMP(F3~1-2,F4~1-2))", {"F0~0-1@-1": 0.137155899996875, "F1~0-1@-1": 0.137155899996875, "F3~1-2@-1": 0.137155899996875, "F4~1-2@-1": 0.137155899996875}], [0.5294228822438125, "CMP(CMP(F1~0-1,S9~10-11),F1~0-1)", {"F1~0-1@-1": 0.17647429408127083, "S9~10-11@-1": 0.17647429408127083, "F1~0-1@0": 0.17647429408127083}], [0.5267757678325935, "CMP(CMP(F4~1-2,F5~0-1),F1~0-1)", {"F4~1-2@-1": 0.1755919226108645, "F5~0-1@-1": 0.1755919226108645, "F1~0-1@0": 0.1755919226108645}], [0.5241418889934305, "F1~0-1", {"F1~0-1@1": 0.5241418889934305}], [0.5241418889934305, "CMP(CMP(F6~1-2,F8~0-1),F1~0-1)", {"F6~1-2@-1": 0.17471396299781017, "F8~0-1@-1": 0.17471396299781017, "F1~0-1@0": 0.17471396299781017}], [0.5139825248255, "CMP(CMP(F3~1-2,F5~0-1),CMP(F5~0-1,F7~1-2))", {"F3~1-2@-1": 0.128495631206375, "F5~0-1@-1": 0.128495631206375, "F7~1-2@-1": 0.128495631206375}], [0.46440987738941875, "CMP(CMP(F0~0-1,F2~2-3),CMP(F3~1-2,F4~1-2))", {"F0~0-1@-1": 0.11610246934735469, "F2~2-3@-1": 0.11610246934735469, "F3~1-2@-1": 0.11610246934735469, "F4~1-2@-1": 0.11610246934735469}], [0.39312296121014295, "CMP(CMP(F2~2-3,F4~1-2),CMP(F3~1-2,F4~1-2))", {"F2~2-3@-1": 0.09828074030253574, "F4~1-2@-1": 0.09828074030253574, "F3~1-2@-1": 0.09828074030253574}], [0.36965470493689073, "F3~1-2", {"F3~1-2@1": 0.36965470493689073}]], "16": [[1.0, "CMP(CMP(F3~1-2,F5~0-1),CMP(F5~0-1,F7~1-2))", {"F3~1-2@-1": 0.25, "F5~0-1@-1": 0.25, "F7~1-2@-1": 0.25}], [1.0, "CMP(CMP(F1~0-1,F3~1-2),CMP(F3~1-2,F5~0-1))", {"F1~0-1@-1": 0.25, "F3~1-2@-1": 0.25, "F5~0-1@-1": 0.25}], [1.0, "CMP(CMP(F3~1-2,F5~0-1),F6~1-2)", {"F3~1-2@-1": 0.3333333333333333, "F5~0-1@-1": 0.3333333333333333, "F6~1-2@0": 0.3333333333333333}], [1.0, "CMP(CMP(F3~1-2,F4~1-2),CMP(F6~1-2,F7~1-2))", {"F3~1-2@-1": 0.25, "F4~1-2@-1": 0.25, "F6~1-2@-1": 0.25, "F7~1-2@-1": 0.25}], [1.0, "CMP(CMP(F3~1-2,F4~1-2),CMP(F5~0-1,F8~0-1))", {"F3~1-2@-1": 0.25, "F4~1-2@-1": 0.25, "F5~0-1@-1": 0.25, "F8~0-1@-1": 0.25}], [1.0, "CMP(CMP(F0~0-1,F2~2-3),CMP(F3~1-2,F4~1-2))", {"F0~0-1@-1": 0.25, "F2~2-3@-1": 0.25, "F3~1-2@-1": 0.25, "F4~1-2@-1": 0.25}], [1.0, "CMP(CMP(F2~2-3,F4~1-2),CMP(F3~1-2,F4~1-2))", {"F2~2-3@-1": 0.25, "F4~1-2@-1": 0.25, "F3~1-2@-1": 0.25}], [1.0, "CMP(CMP(F4~1-2,F5~0-1),F1~0-1)", {"F4~1-2@-1": 0.3333333333333333, "F5~0-1@-1": 0.3333333333333333,