{
    "traces": [
        [],
        [],
        [
            1.0,
            1.0,
            0.2
        ],
        [
            0.8,
            0.8,
            0.16000000000000003,
            1.0
        ],
        [
            0.6400000000000001,
            0.6400000000000001,
            0.12800000000000003,
            0.8
        ],
        [
            0.5120000000000001,
            0.5120000000000001,
            0.10240000000000003,
            0.6400000000000001,
            1.0,
            0.2
        ],
        [
            0.40960000000000013,
            0.40960000000000013,
            0.08192000000000003,
            0.5120000000000001,
            0.8,
            0.16000000000000003,
            1.0
        ]
    ],
    "ntime": [
        0,
        0,
        0,
        0,
        0,
        1,
        1,
        1,
        1,
        1,
        2,
        2,
        2,
        2,
        2,
        3,
        3,
        3,
        3,
        3,
        4,
        4,
        4,
        4,
        4,
        5,
        5,
        5,
        5,
        5,
        6,
        6,
        6,
        6,
        6
    ],
    "ncounts": [
        0,
        0,
        0,
        0,
        0,
        0,
        0,
        0,
        0,
        0,
        3,
        2,
        1,
        3,
        2,
        4,
        3,
        1,
        4,
        2,
        4,
        3,
        1,
        4,
        2,
        6,
        4,
        2,
        6,
        4,
        7,
        5,
        2,
        7,
        4
    ],
    "nmask": [
        "reinforced",
        "input",
        "composite",
        "total",
        "synapses",
        "reinforced",
        "input",
        "composite",
        "total",
        "synapses",
        "reinforced",
        "input",
        "composite",
        "total",
        "synapses",
        "reinforced",
        "input",
        "composite",
        "total",
        "synapses",
        "reinforced",
        "input",
        "composite",
        "total",
        "synapses",
        "reinforced",
        "input",
        "composite",
        "total",
        "synapses",
        "reinforced",
        "input",
        "composite",
        "total",
        "synapses"
    ]
}