{"params": {"BindingCount": 2, "PropagationLevels": 2, "PruneInterval": 180, "PruningThreshold": 0.2, "BindingThreshold": 0.5, "DownPotentialFactor": 0.2, "CompNameSortByPotential": true, "FiringThreshold": 0.25, "ZeroingThreshold": 0.05, "DecayFactor": 0.6, "InitialPotential": 0.2, "ReinforcementRate": 0.3, "RefractoryPeriod": 7, "PostSpikeFactor": 1.0, "DefaultEncoderCeiling": 1024, "DefaultEncoderFloor": 0, "DefaultEncoderResolution": 10, "TraceLength": 60}, "meta": {"S0": {"min": 0.0, "max": 1.0, "res": 10.0}, "S1": {"min": 0.0, "max": 1.0, "res": 10.0}, "S2": {"min": 0.0, "max": 1.0, "res": 10.0}, "S3": {"min": 0.0, "max": 1.0, "res": 10.0}, "S4": {"min": 0.0, "max": 1.0, "res": 10.0}, "S5": {"min": 0.0, "max": 1.0, "res": 10.0}, "S6": {"min": 0.0, "max": 1.0, "res": 10.0}, "S7": {"min": 0.0, "max": 1.0, "res": 10.0}, "S8": {"min": 0.0, "max": 1.0, "res": 10.0}, "S9": {"min": 0.0, "max": 1.0, "res": 10.0}, "F0": {"min": 0.0, "max": 1024.0, "res": 10.0}, "F1": {"min": 0.0, "max": 1024.0, "res": 10.0}, "F2": {"min": 0.0, "max": 1024.0, "res": 10.0}, "F3": {"min": 0.0, "max": 1024.0, "res": 10.0}, "F4": {"min": 0.0, "max": 1024.0, "res": 10.0}, "F5": {"min": 0.0, "max": 1024.0, "res": 10.0}, "F6": {"min": 0.0, "max": 1024.0, "res": 10.0}, "F7": {"min": 0.0, "max": 1024.0, "res": 10.0}, "F8": {"min": 0.0, "max": 1024.0, "res": 10.0}, "F9": {"min": 0.0, "max": 1024.0, "res": 10.0}}, "datainputs": {"24": ["F5~1-2"], "25": ["F4~1-2"], "26": ["F3~2-3"], "27": ["F2~2-3"], "28": ["F1~1-2"]}, "tscores_prod": {"24": {"F5~1-2": 3.683690897008542, "F4~1-2": 3.1419540711090788, "F6~1-2": 1.227361679867289, "F7~0-1": 1.0, "F3~2-3": 0.3038259200863518}, "23": {"F4~1-2": 0.09129020601684557}, "25": {"F4~1-2": 1.9917453910891212, "F3~2-3": 1.5170883961298278, "F6~1-2": 0.9803921568627451, "F2~2-3": 0.009239412089331094}, "26": {"F3~2-3": 2.1681674279200207, "F2~2-3": 1.7663446987729896, "F1~1-2": 0.9572461202039906, "F0~0-1": 0.5}, "27": {"F2~2-3": 2.6565980639352675, "F1~1-2": 2.006889899772918, "F0~0-1": 0.10168935495497829}, "28": {"F1~1-2": 2.6509968448460888, "F0~0-1": 0.8254968448460888, "S9~10-11": 0.25}, "29": {"F0~0-1": 1.9607843137254903}}}