{"params": {"BindingCount": 2, "PropagationLevels": 2, "PruneInterval": 600, "PruningThreshold": 0.2, "BindingThreshold": 0.5, "DownPotentialFactor": 0.2, "CompNameSortByPotential": true, "FiringThreshold": 0.25, "ZeroingThreshold": 0.05, "DecayFactor": 0.6, "InitialPotential": 0.2, "ReinforcementRate": 0.3, "RefractoryPeriod": 7, "PostSpikeFactor": 1.0, "DefaultEncoderCeiling": 1024, "DefaultEncoderFloor": 0, "DefaultEncoderResolution": 10, "TraceLength": 60}, "meta": {"S0": {"min": 0.0, "max": 1.0, "res": 10.0}, "S1": {"min": 0.0, "max": 1.0, "res": 10.0}, "S2": {"min": 0.0, "max": 1.0, "res": 10.0}, "S3": {"min": 0.0, "max": 1.0, "res": 10.0}, "S4": {"min": 0.0, "max": 1.0, "res": 10.0}, "S5": {"min": 0.0, "max": 1.0, "res": 10.0}, "S6": {"min": 0.0, "max": 1.0, "res": 10.0}, "S7": {"min": 0.0, "max": 1.0, "res": 10.0}, "S8": {"min": 0.0, "max": 1.0, "res": 10.0}, "S9": {"min": 0.0, "max": 1.0, "res": 10.0}, "F0": {"min": 0.0, "max": 1024.0, "res": 10.0}, "F1": {"min": 0.0, "max": 1024.0, "res": 10.0}, "F2": {"min": 0.0, "max": 1024.0, "res": 10.0}, "F3": {"min": 0.0, "max": 1024.0, "res": 10.0}, "F4": {"min": 0.0, "max": 1024.0, "res": 10.0}, "F5": {"min": 0.0, "max": 1024.0, "res": 10.0}, "F6": {"min": 0.0, "max": 1024.0, "res": 10.0}, "F7": {"min": 0.0, "max": 1024.0, "res": 10.0}, "F8": {"min": 0.0, "max": 1024.0, "res": 10.0}, "F9": {"min": 0.0, "max": 1024.0, "res": 10.0}}, "datainputs": {"15": ["F5~0-1"], "16": ["F6~0-1"], "17": ["F7~0-1"], "18": ["F8~1-2"], "19": ["F9~2-3"], "20": ["S0~10-11"], "21": ["S1~10-11"], "22": ["S2~10-11"], "23": ["S3~10-11"], "24": ["S4~10-11"]}, "tscores_prod": {"20": {"S0~10-11": 2.556206504738039, "S1~10-11": 1.0741122369974923, "F9~2-3": 0.18383071731883194, "S2~10-11": 0.018598734204387513, "S3~10-11": 0.00980392156862745}, "19": {"S1~10-11": 0.2524019607843137, "F9~2-3": 0.005558558848039215}, "21": {"S1~10-11": 2.103292156862745, "F8~1-2": 0.9803921568627452, "F9~2-3": 0.9803921568627452, "S2~10-11": 0.4975, "S4~10-11": 0.009803921568627449, "S3~10-11": 0.009803921568627449}, "22": {"S2~10-11": 2.462992156862745, "S3~10-11": 0.7475, "S1~10-11": 0.25, "S5~10-11": 0.009803921568627449, "S4~10-11": 0.011023024877423994}, "23": {"S3~10-11": 2.3422024877423993, "S4~10-11": 0.7475, "S2~10-11": 0.25, "S6~10-11": 0.009803921568627449, "S5~10-11": 0.011023024877423994}, "24": {"S4~10-11": 1.9068767564910232, "S5~10-11": 0.31217426874862375, "S3~10-11": 0.25}}}