{"params": {"BindingCount": 2, "PropagationLevels": 2, "PruneInterval": 600, "PruningThreshold": 0.2, "BindingThreshold": 0.5, "DownPotentialFactor": 0.2, "CompNameSortByPotential": true, "FiringThreshold": 0.25, "ZeroingThreshold": 0.05, "DecayFactor": 0.6, "InitialPotential": 0.2, "ReinforcementRate": 0.3, "RefractoryPeriod": 7, "PostSpikeFactor": 1.0, "DefaultEncoderCeiling": 1024, "DefaultEncoderFloor": 0, "DefaultEncoderResolution": 10, "TraceLength": 60}, "meta": {"S0": {"min": 0.0, "max": 1.0, "res": 10.0}, "S1": {"min": 0.0, "max": 1.0, "res": 10.0}, "S2": {"min": 0.0, "max": 1.0, "res": 10.0}, "S3": {"min": 0.0, "max": 1.0, "res": 10.0}, "S4": {"min": 0.0, "max": 1.0, "res": 10.0}, "S5": {"min": 0.0, "max": 1.0, "res": 10.0}, "S6": {"min": 0.0, "max": 1.0, "res": 10.0}, "S7": {"min": 0.0, "max": 1.0, "res": 10.0}, "S8": {"min": 0.0, "max": 1.0, "res": 10.0}, "S9": {"min": 0.0, "max": 1.0, "res": 10.0}, "F0": {"min": 0.0, "max": 1024.0, "res": 10.0}, "F1": {"min": 0.0, "max": 1024.0, "res": 10.0}, "F2": {"min": 0.0, "max": 1024.0, "res": 10.0}, "F3": {"min": 0.0, "max": 1024.0, "res": 10.0}, "F4": {"min": 0.0, "max": 1024.0, "res": 10.0}, "F5": {"min": 0.0, "max": 1024.0, "res": 10.0}, "F6": {"min": 0.0, "max": 1024.0, "res": 10.0}, "F7": {"min": 0.0, "max": 1024.0, "res": 10.0}, "F8": {"min": 0.0, "max": 1024.0, "res": 10.0}, "F9": {"min": 0.0, "max": 1024.0, "res": 10.0}}, "datainputs": {"54": ["S4~10-11"], "55": ["S5~10-11"], "56": ["S6~10-11"], "57": ["S7~10-11"], "58": ["S8~10-11"], "59": ["S9~10-11"], "60": ["F0~0-1"], "61": ["F1~1-2"], "62": ["F2~1-2"], "63": ["F3~1-2"]}, "tscores_prod": {"54": {"S4~10-11": 2.1704621425337463, "S5~10-11": 1.3459843262102271, "S3~10-11": 0.3546646525071352, "S6~10-11": 0.13299593043210195}, "53": {"S3~10-11": 0.004150634116087115, "S5~10-11": 0.007105091242678364, "S4~10-11": 0.005868397866341517}, "55": {"S5~10-11": 3.8624137579078903, "S3~10-11": 0.9803921568627451, "S6~10-11": 0.8581974739221772, "S7~10-11": 0.00804081652015536, "S4~10-11": 0.3804213135068153}, "56": {"S6~10-11": 3.165187210422922, "S7~10-11": 0.4532298374365531, "S8~10-11": 0.7331114118634519, "S5~10-11": 0.3804213135068153, "S9~10-11": 0.48422712933753936}, "57": {"S7~10-11": 3.2415748335996697, "S8~10-11": 2.1083372277701633, "S9~10-11": 0.007886948385163564, "S6~10-11": 0.7342271293375395, "S5~10-11": 0.4842271293375395}, "58": {"S8~10-11": 3.5401001311208886, "S9~10-11": 2.3710841708504167, "S6~10-11": 0.01577287066246057, "S7~10-11": 0.01577287066246057, "F0~0-1": 0.0009768927034389256}, "59": {"S9~10-11": 1.6395187838269984, "F0~0-1": 1.3894777883869804, "F1~1-2": 0.009037164838687613, "S8~10-11": 0.4842271293375395}, "60": {"F0~0-1": 3.534095448234041, "F1~1-2": 1.2888866472684335, "F2~1-2": 0.13624890312444415, "F3~1-2": 0.009803921568627453}, "61": {"F1~1-2": 2.827329497890968, "F2~1-2": 1.0303505804151807, "F3~1-2": 0.5115074706830343, "F4~2-3": 0.507340624692088, "F0~0-1": 0.25}, "62": {"F2~1-2": 2.9483606290240925, "F3~1-2": 0.6285832408103689, "F4~2-3": 0.3384053665148487, "F5~2-3": 0.19021065675340765, "F1~1-2": 0.00980392156862745}, "63": {"F3~1-2": 2.4700688418098924, "F4~2-3": 0.22049015192078675, "F5~2-3": 0.18676237985156344}}}