{"params": {"BindingCount": 2, "PropagationLevels": 2, "PruneInterval": 600, "PruningThreshold": 0.2, "BindingThreshold": 0.5, "DownPotentialFactor": 0.2, "CompNameSortByPotential": true, "FiringThreshold": 0.25, "ZeroingThreshold": 0.05, "DecayFactor": 0.6, "InitialPotential": 0.2, "ReinforcementRate": 0.3, "RefractoryPeriod": 7, "PostSpikeFactor": 1.0, "DefaultEncoderCeiling": 1024, "DefaultEncoderFloor": 0, "DefaultEncoderResolution": 10, "TraceLength": 60}, "meta": {"S0": {"min": 0.0, "max": 1.0, "res": 10.0}, "S1": {"min": 0.0, "max": 1.0, "res": 10.0}, "S2": {"min": 0.0, "max": 1.0, "res": 10.0}, "S3": {"min": 0.0, "max": 1.0, "res": 10.0}, "S4": {"min": 0.0, "max": 1.0, "res": 10.0}, "S5": {"min": 0.0, "max": 1.0, "res": 10.0}, "S6": {"min": 0.0, "max": 1.0, "res": 10.0}, "S7": {"min": 0.0, "max": 1.0, "res": 10.0}, "S8": {"min": 0.0, "max": 1.0, "res": 10.0}, "S9": {"min": 0.0, "max": 1.0, "res": 10.0}, "F0": {"min": 0.0, "max": 1024.0, "res": 10.0}, "F1": {"min": 0.0, "max": 1024.0, "res": 10.0}, "F2": {"min": 0.0, "max": 1024.0, "res": 10.0}, "F3": {"min": 0.0, "max": 1024.0, "res": 10.0}, "F4": {"min": 0.0, "max": 1024.0, "res": 10.0}, "F5": {"min": 0.0, "max": 1024.0, "res": 10.0}, "F6": {"min": 0.0, "max": 1024.0, "res": 10.0}, "F7": {"min": 0.0, "max": 1024.0, "res": 10.0}, "F8": {"min": 0.0, "max": 1024.0, "res": 10.0}, "F9": {"min": 0.0, "max": 1024.0, "res": 10.0}}, "datainputs": {"24": ["F5~2-3"], "25": ["F4~2-3"], "26": ["F3~1-2"], "27": ["F2~1-2"], "28": ["F1~1-2"], "29": ["F0~0-1"], "30": ["S9~10-11"]}, "tscores_prod": {"24": {"F5~2-3": 2.8567351420496476, "F4~2-3": 1.800377710708415, "F6~1-2": 0.5420532824359512, "F7~2-3": 0.5, "F3~1-2": 0.16099866287422435}, "23": {"F4~2-3": 0.05699957338400066, "F5~2-3": 0.00032306843538947526, "F6~1-2": 0.00032306843538947526}, "25": {"F4~2-3": 1.9431054609728302, "F3~1-2": 1.074935435956402, "F2~1-2": 0.014659968123950845, "F1~1-2": 0.00980392156862745}, "26": {"F3~1-2": 1.989319878249826, "F2~1-2": 0.02636834607916888, "F1~1-2": 0.4842271293375395}, "29": {"F0~0-1": 4.252856849312971, "F1~1-2": 1.2888866472684335, "S9~10-11": 0.42115823584894835, "F2~1-2": 0.13628168694398388, "F3~1-2": 0.009803921568627453, "S8~10-11": 0.17004740590738254, "S7~10-11": 0.00980392156862745}, "28": {"F1~1-2": 0.009037164838687613, "S8~10-11": 0.009803921568627453, "S9~10-11": 0.01268191400524099}, "30": {"F1~1-2": 2.0652448876922374, "S9~10-11": 4.345710084397824, "F2~1-2": 0.3887429141935842, "S8~10-11": 2.0605297422104765, "S7~10-11": 0.5157728706624605, "S6~10-11": 0.031545741324921134, "F0~0-1": 0.25}, "31": {"F2~1-2": 0.9803921568627451}}}