{"params": {"BindingCount": 2, "PropagationLevels": 2, "PruneInterval": 600, "PruningThreshold": 0.2, "BindingThreshold": 0.5, "DownPotentialFactor": 0.2, "CompNameSortByPotential": true, "FiringThreshold": 0.25, "ZeroingThreshold": 0.05, "DecayFactor": 0.6, "InitialPotential": 0.2, "ReinforcementRate": 0.3, "RefractoryPeriod": 7, "PostSpikeFactor": 1.0, "DefaultEncoderCeiling": 1024, "DefaultEncoderFloor": 0, "DefaultEncoderResolution": 10, "TraceLength": 60}, "meta": {"S0": {"min": 0.0, "max": 1.0, "res": 10.0}, "S1": {"min": 0.0, "max": 1.0, "res": 10.0}, "S2": {"min": 0.0, "max": 1.0, "res": 10.0}, "S3": {"min": 0.0, "max": 1.0, "res": 10.0}, "S4": {"min": 0.0, "max": 1.0, "res": 10.0}, "S5": {"min": 0.0, "max": 1.0, "res": 10.0}, "S6": {"min": 0.0, "max": 1.0, "res": 10.0}, "S7": {"min": 0.0, "max": 1.0, "res": 10.0}, "S8": {"min": 0.0, "max": 1.0, "res": 10.0}, "S9": {"min": 0.0, "max": 1.0, "res": 10.0}, "F0": {"min": 0.0, "max": 1024.0, "res": 10.0}, "F1": {"min": 0.0, "max": 1024.0, "res": 10.0}, "F2": {"min": 0.0, "max": 1024.0, "res": 10.0}, "F3": {"min": 0.0, "max": 1024.0, "res": 10.0}, "F4": {"min": 0.0, "max": 1024.0, "res": 10.0}, "F5": {"min": 0.0, "max": 1024.0, "res": 10.0}, "F6": {"min": 0.0, "max": 1024.0, "res": 10.0}, "F7": {"min": 0.0, "max": 1024.0, "res": 10.0}, "F8": {"min": 0.0, "max": 1024.0, "res": 10.0}, "F9": {"min": 0.0, "max": 1024.0, "res": 10.0}}, "datainputs": {"25": ["S5~10-11"], "26": ["S6~10-11"], "27": ["S7~10-11"], "28": ["S8~10-11"], "29": ["S9~10-11"], "30": ["F0~0-1"], "31": ["F1~1-2"], "32": ["F2~0-1"], "33": ["F3~1-2"], "34": ["F4~1-2"]}, "tscores_prod": {"25": {"S5~10-11": 2.673673728284535, "S4~10-11": 0.5716673189735081, "S6~10-11": 0.7573039215686275, "S3~10-11": 0.25, "S8~10-11": 0.009803921568627449, "S7~10-11": 0.011023024877423994}, "24": {"S7~10-11": 0.009803921568627449, "S6~10-11": 0.011023024877423994}, "26": {"S6~10-11": 2.3422024877423993, "S3~10-11": 0.9803921568627451, "S4~10-11": 0.9803921568627451, "S7~10-11": 0.7475, "S5~10-11": 0.25, "S9~10-11": 0.009803921568627449, "S8~10-11": 0.011023024877423994}, "27": {"S7~10-11": 2.3422024877423993, "S8~10-11": 0.7475, "S6~10-11": 0.25, "F0~0-1": 0.009803921568627449, "S9~10-11": 0.011023024877423994}, "28": {"S8~10-11": 2.3422024877423993, "S9~10-11": 0.7475, "S7~10-11": 0.25, "F1~1-2": 0.009803921568627449, "F0~0-1": 0.011023024877423994}, "29": {"S9~10-11": 2.3422024877423993, "F0~0-1": 0.7475, "S8~10-11": 0.25, "F2~0-1": 0.009803921568627449, "F1~1-2": 0.011023024877423994}, "30": {"F0~0-1": 2.3422024877423993, "F1~1-2": 0.7475, "S9~10-11": 0.25, "F3~1-2": 0.009803921568627449, "F2~0-1": 0.011023024877423994}, "31": {"F1~1-2": 2.3422024877423993, "F2~0-1": 0.7475, "F0~0-1": 0.25, "F4~1-2": 0.009803921568627449, "F3~1-2": 0.011023024877423994}, "32": {"F2~0-1": 2.3422024877423993, "F3~1-2": 0.7475, "F1~1-2": 0.25, "F5~0-1": 0.009803921568627449, "F4~1-2": 0.011023024877423994}, "33": {"F3~1-2": 2.3422024877423993, "F4~1-2": 0.7475, "F2~0-1": 0.25, "F6~0-1": 0.009803921568627449, "F5~0-1": 0.011023024877423994}, "34": {"F4~1-2": 1.9068767564910232, "F5~0-1": 0.31217426874862375, "F3~1-2": 0.25}}}