{
    "traces": [
        [
            0.022420757197530502,
            0.05177063632286506,
            0.01974230965546053,
            0.053745275467983876,
            0.036034465477454744,
            0.02609073954385127,
            0.37134736404005364,
            0.045442690502428724,
            0.44111775920190693,
            0.5604202088721135,
            0.5604202088721135,
            0.021407580796015784,
            0.02939565565511301
        ]
    ],
    "ntime": [
        19,
        19,
        19,
        19,
        19
    ],
    "ncounts": [
        13,
        6,
        7,
        13,
        17
    ],
    "nmask": [
        "reinforced",
        "input",
        "composite",
        "total",
        "synapses"
    ]
}