{"params": {"BindingCount": 2, "PropagationLevels": 3, "PruneInterval": 600, "PruningThreshold": 0.2, "BindingThreshold": 0.5, "DownPotentialFactor": 0.2, "CompNameSortByPotential": true, "FiringThreshold": 0.25, "ZeroingThreshold": 0.05, "DecayFactor": 0.6, "InitialPotential": 0.2, "ReinforcementRate": 0.3, "RefractoryPeriod": 7, "PostSpikeFactor": 1.0, "DefaultEncoderCeiling": 1024, "DefaultEncoderFloor": 0, "DefaultEncoderResolution": 10, "TraceLength": 60}, "meta": {"S0": {"min": 0.0, "max": 1.0, "res": 10.0}, "S1": {"min": 0.0, "max": 1.0, "res": 10.0}, "S2": {"min": 0.0, "max": 1.0, "res": 10.0}, "S3": {"min": 0.0, "max": 1.0, "res": 10.0}, "S4": {"min": 0.0, "max": 1.0, "res": 10.0}, "S5": {"min": 0.0, "max": 1.0, "res": 10.0}, "S6": {"min": 0.0, "max": 1.0, "res": 10.0}, "S7": {"min": 0.0, "max": 1.0, "res": 10.0}, "S8": {"min": 0.0, "max": 1.0, "res": 10.0}, "S9": {"min": 0.0, "max": 1.0, "res": 10.0}, "F0": {"min": 0.0, "max": 1024.0, "res": 10.0}, "F1": {"min": 0.0, "max": 1024.0, "res": 10.0}, "F2": {"min": 0.0, "max": 1024.0, "res": 10.0}, "F3": {"min": 0.0, "max": 1024.0, "res": 10.0}, "F4": {"min": 0.0, "max": 1024.0, "res": 10.0}, "F5": {"min": 0.0, "max": 1024.0, "res": 10.0}, "F6": {"min": 0.0, "max": 1024.0, "res": 10.0}, "F7": {"min": 0.0, "max": 1024.0, "res": 10.0}, "F8": {"min": 0.0, "max": 1024.0, "res": 10.0}, "F9": {"min": 0.0, "max": 1024.0, "res": 10.0}}, "datainputs": {"55": ["S5~10-11"], "56": ["S6~10-11"], "57": ["S7~10-11"], "58": ["S8~10-11"], "59": ["S9~10-11"], "60": ["F0~0-1"], "61": ["F1~1-2"], "62": ["F2~1-2"], "63": ["F3~1-2"], "64": ["F4~2-3"]}, "tscores_prod": {"57": {"S7~10-11": 3.4190980364028682, "S8~10-11": 1.8541533245178208}, "56": {"S8~10-11": 0.3935924965782925, "S9~10-11": 0.5752217797059337, "S7~10-11": 0.011480415673706376, "F0~0-1": 0.0953045958694007, "F1~1-2": 0.00019926749269684644}, "59": {"S6~10-11": 3.7385160455243707, "S7~10-11": 3.1650685425264804, "S5~10-11": 1.2659201895772803, "S8~10-11": 1.9659667296053789, "F1~1-2": 0.7058641126069823, "F2~1-2": 0.5829419883201021, "F3~1-2": 0.4126602564102564, "S4~10-11": 0.22381114136937774, "S9~10-11": 0.9248268876205307, "F0~0-1": 0.08186518208877833}, "60": {"F0~0-1": 6.448083022937986, "F1~1-2": 2.7031412499560368, "S9~10-11": 2.1889722602244155, "S7~10-11": 0.8917074795190537, "S8~10-11": 1.3675864825499926, "F2~1-2": 1.5758098808660403, "F3~1-2": 0.14081898957143119}, "58": {"S8~10-11": 0.3563643749869021, "S7~10-11": 0.21426759527332095, "S9~10-11": 0.1661537182334944}, "61": {"F1~1-2": 5.349202680739774, "F2~1-2": 2.233221548784118, "F0~0-1": 0.6765928796632202, "F3~1-2": 1.9657025023676638, "F4~2-3": 0.6522255489772378, "S8~10-11": 0.015263150322027224, "S9~10-11": 0.015263150322027224}, "62": {"F2~1-2": 7.105781587344092, "F3~1-2": 1.5716054129882913, "F4~2-3": 1.0713771042660207, "F1~1-2": 1.804323094425852, "F5~2-3": 1.0212186154116434, "F6~1-2": 0.006233507705314351, "F0~0-1": 0.17971327215877764}, "63": {"F3~1-2": 6.341851722643633, "F4~2-3": 3.607441291364519, "F5~2-3": 0.9681854505023705, "F2~1-2": 1.7637210965250931, "F6~1-2": 0.027682887953158514, "F7~2-3": 0.006598489114434633}, "64": {"F4~2-3": 6.589650575703039, "F5~2-3": 4.431492452610717, "F3~1-2": 0.7966540741004449, "F2~1-2": 0.29166666666666663, "F7~2-3": 0.5271004690589234, "F6~1-2": 1.0216286444749791}, "65": {"F7~2-3": 0.5758521541233188, "F4~2-3": 0.5072776993648553, "F3~1-2": 0.2612841096212656, "F5~2-3": 0.24599358974358979}}}