{"params": {"BindingCount": 2, "PropagationLevels": 3, "PruneInterval": 600, "PruningThreshold": 0.2, "BindingThreshold": 0.5, "DownPotentialFactor": 0.2, "CompNameSortByPotential": true, "FiringThreshold": 0.25, "ZeroingThreshold": 0.05, "DecayFactor": 0.6, "InitialPotential": 0.2, "ReinforcementRate": 0.3, "RefractoryPeriod": 7, "PostSpikeFactor": 1.0, "DefaultEncoderCeiling": 1024, "DefaultEncoderFloor": 0, "DefaultEncoderResolution": 10, "TraceLength": 60}, "meta": {"S0": {"min": 0.0, "max": 1.0, "res": 10.0}, "S1": {"min": 0.0, "max": 1.0, "res": 10.0}, "S2": {"min": 0.0, "max": 1.0, "res": 10.0}, "S3": {"min": 0.0, "max": 1.0, "res": 10.0}, "S4": {"min": 0.0, "max": 1.0, "res": 10.0}, "S5": {"min": 0.0, "max": 1.0, "res": 10.0}, "S6": {"min": 0.0, "max": 1.0, "res": 10.0}, "S7": {"min": 0.0, "max": 1.0, "res": 10.0}, "S8": {"min": 0.0, "max": 1.0, "res": 10.0}, "S9": {"min": 0.0, "max": 1.0, "res": 10.0}, "F0": {"min": 0.0, "max": 1024.0, "res": 10.0}, "F1": {"min": 0.0, "max": 1024.0, "res": 10.0}, "F2": {"min": 0.0, "max": 1024.0, "res": 10.0}, "F3": {"min": 0.0, "max": 1024.0, "res": 10.0}, "F4": {"min": 0.0, "max": 1024.0, "res": 10.0}, "F5": {"min": 0.0, "max": 1024.0, "res": 10.0}, "F6": {"min": 0.0, "max": 1024.0, "res": 10.0}, "F7": {"min": 0.0, "max": 1024.0, "res": 10.0}, "F8": {"min": 0.0, "max": 1024.0, "res": 10.0}, "F9": {"min": 0.0, "max": 1024.0, "res": 10.0}}, "datainputs": {"26": ["F3~1-2"], "27": ["F2~1-2"]}, "tscores_prod": {"26": {"F3~1-2": 8.173047917153761, "F2~1-2": 4.481075944010836, "F4~2-3": 2.983310221266474, "F1~1-2": 4.145352699047093, "F5~2-3": 0.7635346927514421, "F0~0-1": 0.8658639700627693, "S8~10-11": 0.015263150322027224, "S9~10-11": 0.015263150322027224}, "25": {"F2~1-2": 1.5020379821960066, "F1~1-2": 0.4516587904782604, "F4~2-3": 0.2849828136182595, "F6~1-2": 0.006233507705314351, "F5~2-3": 0.9057915344814844, "F3~1-2": 0.20114435523018703, "F0~0-1": 0.16223708579197024}, "27": {"F2~1-2": 5.410518818565485, "F1~1-2": 1.735224331745139, "F3~1-2": 0.4087802313354364, "F0~0-1": 1.1755827936450076, "F4~2-3": 0.6000336175186362}, "28": {"F0~0-1": 0.17467948717948717, "S9~10-11": 0.16666666666666666, "F1~1-2": 0.016025641025641028, "F2~1-2": 0.008012820512820516}}}