{"params": {"BindingCount": 2, "PropagationLevels": 3, "PruneInterval": 600, "PruningThreshold": 0.2, "BindingThreshold": 0.5, "DownPotentialFactor": 0.2, "CompNameSortByPotential": true, "FiringThreshold": 0.25, "ZeroingThreshold": 0.05, "DecayFactor": 0.6, "InitialPotential": 0.2, "ReinforcementRate": 0.3, "RefractoryPeriod": 7, "PostSpikeFactor": 1.0, "DefaultEncoderCeiling": 1024, "DefaultEncoderFloor": 0, "DefaultEncoderResolution": 10, "TraceLength": 60}, "meta": {"S0": {"min": 0.0, "max": 1.0, "res": 10.0}, "S1": {"min": 0.0, "max": 1.0, "res": 10.0}, "S2": {"min": 0.0, "max": 1.0, "res": 10.0}, "S3": {"min": 0.0, "max": 1.0, "res": 10.0}, "S4": {"min": 0.0, "max": 1.0, "res": 10.0}, "S5": {"min": 0.0, "max": 1.0, "res": 10.0}, "S6": {"min": 0.0, "max": 1.0, "res": 10.0}, "S7": {"min": 0.0, "max": 1.0, "res": 10.0}, "S8": {"min": 0.0, "max": 1.0, "res": 10.0}, "S9": {"min": 0.0, "max": 1.0, "res": 10.0}, "F0": {"min": 0.0, "max": 1024.0, "res": 10.0}, "F1": {"min": 0.0, "max": 1024.0, "res": 10.0}, "F2": {"min": 0.0, "max": 1024.0, "res": 10.0}, "F3": {"min": 0.0, "max": 1024.0, "res": 10.0}, "F4": {"min": 0.0, "max": 1024.0, "res": 10.0}, "F5": {"min": 0.0, "max": 1024.0, "res": 10.0}, "F6": {"min": 0.0, "max": 1024.0, "res": 10.0}, "F7": {"min": 0.0, "max": 1024.0, "res": 10.0}, "F8": {"min": 0.0, "max": 1024.0, "res": 10.0}, "F9": {"min": 0.0, "max": 1024.0, "res": 10.0}}, "datainputs": {"15": ["F5~0-1"], "16": ["F6~0-1"], "17": ["F7~0-1"], "18": ["F8~1-2"], "19": ["F9~2-3"], "20": ["S0~10-11"], "21": ["S1~10-11"], "22": ["S2~10-11"], "23": ["S3~10-11"], "24": ["S4~10-11"]}, "tscores_prod": {"20": {"S0~10-11": 8.519089455762341, "S1~10-11": 3.3729006554467973, "F9~2-3": 4.753677891214427, "S2~10-11": 0.4035200204613413, "S3~10-11": 0.9990348260908184, "F8~1-2": 3.7628468018968917, "F7~0-1": 0.5504977322076163, "S4~10-11": 0.14408809312691448, "S5~10-11": 0.2658463446519092}, "19": {"S1~10-11": 0.425548984769493, "S2~10-11": 0.025725766960270152, "F9~2-3": 0.32817486429283343, "F8~1-2": 0.0868073226680759, "S3~10-11": 0.011846434293440976}, "21": {"S1~10-11": 3.2998416371578423, "S2~10-11": 0.5225041429002134, "S0~10-11": 1.1480636367128767, "F8~1-2": 0.47757777957708103, "F7~0-1": 0.5948584022852969, "F6~0-1": 0.2879027880671128, "F9~2-3": 0.5539144430274812, "S4~10-11": 2.311269754839345, "S3~10-11": 2.3361733427056866, "S5~10-11": 1.472996734415178, "S6~10-11": 0.577766294939885, "S7~10-11": 0.24675679585898694}, "22": {"S2~10-11": 3.721149987379632, "S3~10-11": 1.4665104685679624, "S1~10-11": 0.014700036775229, "S5~10-11": 0.45571853792763173, "S4~10-11": 1.1162203651430431, "S7~10-11": 0.10688132187526314}, "23": {"S3~10-11": 3.1245108581488577, "S4~10-11": 1.1498363838254295, "S1~10-11": 0.6992597777166429, "S6~10-11": 0.42720134777537433, "S2~10-11": 0.25950748637648546, "S5~10-11": 1.169940214300525, "S8~10-11": 0.09510532837670384}, "24": {"S4~10-11": 1.7413880298594466, "S5~10-11": 0.4139013208081411, "S3~10-11": 0.3654905446822251, "S7~10-11": 0.3097893432465923, "S6~10-11": 0.4042338042722242}}}