{"params": {"BindingCount": 2, "PropagationLevels": 3, "PruneInterval": 600, "PruningThreshold": 0.2, "BindingThreshold": 0.5, "DownPotentialFactor": 0.2, "CompNameSortByPotential": true, "FiringThreshold": 0.25, "ZeroingThreshold": 0.05, "DecayFactor": 0.6, "InitialPotential": 0.2, "ReinforcementRate": 0.3, "RefractoryPeriod": 7, "PostSpikeFactor": 1.0, "DefaultEncoderCeiling": 1024, "DefaultEncoderFloor": 0, "DefaultEncoderResolution": 10, "TraceLength": 60}, "meta": {"S0": {"min": 0.0, "max": 1.0, "res": 10.0}, "S1": {"min": 0.0, "max": 1.0, "res": 10.0}, "S2": {"min": 0.0, "max": 1.0, "res": 10.0}, "S3": {"min": 0.0, "max": 1.0, "res": 10.0}, "S4": {"min": 0.0, "max": 1.0, "res": 10.0}, "S5": {"min": 0.0, "max": 1.0, "res": 10.0}, "S6": {"min": 0.0, "max": 1.0, "res": 10.0}, "S7": {"min": 0.0, "max": 1.0, "res": 10.0}, "S8": {"min": 0.0, "max": 1.0, "res": 10.0}, "S9": {"min": 0.0, "max": 1.0, "res": 10.0}, "F0": {"min": 0.0, "max": 1024.0, "res": 10.0}, "F1": {"min": 0.0, "max": 1024.0, "res": 10.0}, "F2": {"min": 0.0, "max": 1024.0, "res": 10.0}, "F3": {"min": 0.0, "max": 1024.0, "res": 10.0}, "F4": {"min": 0.0, "max": 1024.0, "res": 10.0}, "F5": {"min": 0.0, "max": 1024.0, "res": 10.0}, "F6": {"min": 0.0, "max": 1024.0, "res": 10.0}, "F7": {"min": 0.0, "max": 1024.0, "res": 10.0}, "F8": {"min": 0.0, "max": 1024.0, "res": 10.0}, "F9": {"min": 0.0, "max": 1024.0, "res": 10.0}}, "datainputs": {"25": ["F4~2-3"], "26": ["F3~1-2"], "27": ["F2~1-2"], "28": ["F1~1-2"], "29": ["F0~0-1"], "30": ["S9~10-11"], "31": ["S8~10-11"], "32": ["S7~10-11"], "33": ["S6~10-11"], "34": ["S5~10-11"]}, "tscores_prod": {"25": {"F4~2-3": 9.436302082745424, "F3~1-2": 5.344571709413023, "F5~2-3": 3.6317559150132315, "F2~1-2": 1.3065762044359295, "F7~2-3": 1.457369804744009, "F6~1-2": 1.6509039815590032, "F8~2-3": 0.1856106408706167, "F1~1-2": 0.7263595074406574}, "23": {"F5~2-3": 0.0033904556118939107, "F4~2-3": 9.996001599360253e-05, "F6~1-2": 9.996001599360253e-05, "F3~1-2": 9.996001599360253e-05}, "24": {"F5~2-3": 0.2929993256305271, "F7~2-3": 0.3811936939307287, "F6~1-2": 0.38119826791355005, "F3~1-2": 0.5821375071797777, "F2~1-2": 0.16173643726852302, "S9~10-11": 0.00029671891194361867, "F0~0-1": 0.00029671891194361867}, "26": {"F3~1-2": 8.442899713925788, "F2~1-2": 2.8091212381551474, "F1~1-2": 1.4906151741740445, "F6~1-2": 2.0505820899003036, "F5~2-3": 2.390924448276971, "F4~2-3": 0.7598249663760877, "F7~2-3": 0.4694189602446483, "F0~0-1": 0.8327587443948626, "S9~10-11": 0.039193965664005036}, "27": {"F2~1-2": 5.798175663654814, "F1~1-2": 2.9899961049682084, "F4~2-3": 0.014863392776831914, "F0~0-1": 1.6706680919730013, "S9~10-11": 0.052383990022506974, "S7~10-11": 0.9444119728058572, "S8~10-11": 0.9512374330423748, "F3~1-2": 0.5499711452292206}, "28": {"F1~1-2": 4.154247194322185, "F0~0-1": 1.7143653566161485, "F2~1-2": 0.7953342329157969, "S9~10-11": 1.214603554876307, "S8~10-11": 0.8671405029976175, "F3~1-2": 0.25737452113993836, "F4~2-3": 0.24794055887578742}, "29": {"F0~0-1": 6.406154690181576, "S9~10-11": 2.3590250173961365, "F1~1-2": 1.1470118399920786, "S7~10-11": 0.5211527114418915, "S8~10-11": 1.0606347868595225, "F2~1-2": 0.49994800231295866, "S6~10-11": 0.007886435331230285}, "31": {"S8~10-11": 7.82083897291556, "S7~10-11": 3.8081148847601414, "S9~10-11": 2.9549526620075923, "S6~10-11": 1.0098059232327907, "F0~0-1": 0.48400391155582645, "S4~10-11": 0.00801282051282045, "S5~10-11": 0.361494081380133, "S3~10-11": 0.00801282051282045, "F1~1-2": 0.26866717987324995}, "30": {"S8~10-11": 0.5937489514108341, "S9~10-11": 0.26804459473726727, "S4~10-11": 0.00801282051282045, "S5~10-11": 0.2459935897435878, "S3~10-11": 0.00801282051282045, "F0~0-1": 0.021676811862014825, "S7~10-11": 0.17510577041563022, "S6~10-11": 0.15981102460436403}, "32": {"S9~10-11": 5.712142274060454, "S7~10-11": 4.431302813749942, "S6~10-11": 2.837296753355972, "S8~10-11": 0.649496126052484, "F0~0-1": 0.7113455322561859, "F1~1-2": 0.20965893753507253, "S5~10-11": 0.8521316441791094, "S4~10-11": 0.1405120347443047, "S3~10-11": 0.00801282051282045}, "33": {"S6~10-11": 6.064365826817386, "S5~10-11": 2.658110581937352, "S7~10-11": 1.7339142656615274, "S8~10-11": 0.4016979710677066, "S4~10-11": 0.5832885858572557, "S3~10-11": 0.00988370103567205}, "34": {"S5~10-11": 5.629282529502724, "S4~10-11": 1.5711139420195919, "S7~10-11": 0.9536837432490762, "S8~10-11": 0.4768418716245381, "S6~10-11": 1.9196628252498065, "S3~10-11": 1.0875040252236297}, "35": {"S4~10-11": 0.9705489820387367}}}