{"params": {"BindingCount": 2, "PropagationLevels": 3, "PruneInterval": 600, "PruningThreshold": 0.2, "BindingThreshold": 0.5, "DownPotentialFactor": 0.2, "CompNameSortByPotential": true, "FiringThreshold": 0.25, "ZeroingThreshold": 0.05, "DecayFactor": 0.6, "InitialPotential": 0.2, "ReinforcementRate": 0.3, "RefractoryPeriod": 7, "PostSpikeFactor": 1.0, "DefaultEncoderCeiling": 1024, "DefaultEncoderFloor": 0, "DefaultEncoderResolution": 10, "TraceLength": 60}, "meta": {"S0": {"min": 0.0, "max": 1.0, "res": 10.0}, "S1": {"min": 0.0, "max": 1.0, "res": 10.0}, "S2": {"min": 0.0, "max": 1.0, "res": 10.0}, "S3": {"min": 0.0, "max": 1.0, "res": 10.0}, "S4": {"min": 0.0, "max": 1.0, "res": 10.0}, "S5": {"min": 0.0, "max": 1.0, "res": 10.0}, "S6": {"min": 0.0, "max": 1.0, "res": 10.0}, "S7": {"min": 0.0, "max": 1.0, "res": 10.0}, "S8": {"min": 0.0, "max": 1.0, "res": 10.0}, "S9": {"min": 0.0, "max": 1.0, "res": 10.0}, "F0": {"min": 0.0, "max": 1024.0, "res": 10.0}, "F1": {"min": 0.0, "max": 1024.0, "res": 10.0}, "F2": {"min": 0.0, "max": 1024.0, "res": 10.0}, "F3": {"min": 0.0, "max": 1024.0, "res": 10.0}, "F4": {"min": 0.0, "max": 1024.0, "res": 10.0}, "F5": {"min": 0.0, "max": 1024.0, "res": 10.0}, "F6": {"min": 0.0, "max": 1024.0, "res": 10.0}, "F7": {"min": 0.0, "max": 1024.0, "res": 10.0}, "F8": {"min": 0.0, "max": 1024.0, "res": 10.0}, "F9": {"min": 0.0, "max": 1024.0, "res": 10.0}}, "datainputs": {"26": ["F3~1-2"], "27": ["F2~1-2"], "28": ["F1~1-2"], "29": ["F0~0-1"], "30": ["S9~10-11"]}, "tscores_prod": {"26": {"F3~1-2": 8.08654307205588, "F2~1-2": 4.394571098912958, "F4~2-3": 2.983310221266474, "F1~1-2": 4.142597853949214, "F5~2-3": 0.7635346927514421, "F0~0-1": 0.8100089319793956, "S8~10-11": 0.015263150322027224, "S9~10-11": 0.015263150322027224}, "25": {"F2~1-2": 1.5020379821960066, "F1~1-2": 0.4516587904782604, "F4~2-3": 0.2849828136182595, "F6~1-2": 0.006233507705314351, "F5~2-3": 0.9057915344814844, "F3~1-2": 0.20114435523018703, "F0~0-1": 0.16223708579197024}, "27": {"F2~1-2": 5.946459805729488, "F1~1-2": 2.2968316294054802, "F3~1-2": 0.4087802313354364, "F0~0-1": 1.8601277453162308, "F4~2-3": 0.6000336175186362, "S9~10-11": 0.14244841755346835}, "28": {"F1~1-2": 3.437579637867534, "F0~0-1": 1.1499150795948985, "S9~10-11": 0.67536334245052, "F2~1-2": 0.2584548088329227, "S8~10-11": 0.816330556655785, "F3~1-2": 0.24599358974358973, "S7~10-11": 0.4919871794871795, "S6~10-11": 0.24599358974358976}, "29": {"F0~0-1": 3.3939195062289427, "S9~10-11": 1.7157154816659348, "S8~10-11": 1.0359447882116466, "F1~1-2": 0.042525625835068276, "S7~10-11": 0.7250408128523871}}}