{"params": {"BindingCount": 2, "PropagationLevels": 3, "PruneInterval": 600, "PruningThreshold": 0.2, "BindingThreshold": 0.5, "DownPotentialFactor": 0.2, "CompNameSortByPotential": true, "FiringThreshold": 0.25, "ZeroingThreshold": 0.05, "DecayFactor": 0.6, "InitialPotential": 0.2, "ReinforcementRate": 0.3, "RefractoryPeriod": 7, "PostSpikeFactor": 1.0, "DefaultEncoderCeiling": 1024, "DefaultEncoderFloor": 0, "DefaultEncoderResolution": 10, "TraceLength": 60}, "meta": {"S0": {"min": 0.0, "max": 1.0, "res": 10.0}, "S1": {"min": 0.0, "max": 1.0, "res": 10.0}, "S2": {"min": 0.0, "max": 1.0, "res": 10.0}, "S3": {"min": 0.0, "max": 1.0, "res": 10.0}, "S4": {"min": 0.0, "max": 1.0, "res": 10.0}, "S5": {"min": 0.0, "max": 1.0, "res": 10.0}, "S6": {"min": 0.0, "max": 1.0, "res": 10.0}, "S7": {"min": 0.0, "max": 1.0, "res": 10.0}, "S8": {"min": 0.0, "max": 1.0, "res": 10.0}, "S9": {"min": 0.0, "max": 1.0, "res": 10.0}, "F0": {"min": 0.0, "max": 1024.0, "res": 10.0}, "F1": {"min": 0.0, "max": 1024.0, "res": 10.0}, "F2": {"min": 0.0, "max": 1024.0, "res": 10.0}, "F3": {"min": 0.0, "max": 1024.0, "res": 10.0}, "F4": {"min": 0.0, "max": 1024.0, "res": 10.0}, "F5": {"min": 0.0, "max": 1024.0, "res": 10.0}, "F6": {"min": 0.0, "max": 1024.0, "res": 10.0}, "F7": {"min": 0.0, "max": 1024.0, "res": 10.0}, "F8": {"min": 0.0, "max": 1024.0, "res": 10.0}, "F9": {"min": 0.0, "max": 1024.0, "res": 10.0}}, "datainputs": {"55": ["S5~10-11"], "56": ["S6~10-11"], "57": ["S7~10-11"], "58": ["S8~10-11"], "59": ["S9~10-11"], "60": ["F0~0-1"], "61": ["F1~1-2"], "62": ["F2~1-2"], "63": ["F3~1-2"], "64": ["F4~2-3"]}, "tscores_prod": {"57": {"S7~10-11": 3.662995566497657, "S8~10-11": 0.7286170142436416}, "56": {"S8~10-11": 0.26030138798059155, "S9~10-11": 0.25069567852327684, "S6~10-11": 0.007647372905633099}, "59": {"S6~10-11": 1.7573216431136025, "S7~10-11": 1.7826562747569386, "F2~1-2": 0.8559815904870176, "F1~1-2": 0.5986070693470793, "S5~10-11": 1.0907508161574506, "S9~10-11": 1.2205240269939313, "S8~10-11": 1.8679698506179205, "F0~0-1": 0.5586568633557649, "S4~10-11": 0.21910892228167198, "F3~1-2": 0.25737452113993836, "F4~2-3": 0.24794055887578742}, "60": {"F0~0-1": 7.680548769300802, "F1~1-2": 2.1400951175220246, "S9~10-11": 1.9485134734480927, "S6~10-11": 0.9784285510869818, "F2~1-2": 2.2201736852987004, "F3~1-2": 0.5758171149817548, "S7~10-11": 0.5211089272651528, "S8~10-11": 1.2117276217333404, "F5~2-3": 0.14228130951457654, "F4~2-3": 0.1491070216445359, "F7~2-3": 0.14228130951457654, "F6~1-2": 0.14228130951457654}, "58": {"S4~10-11": 0.00801282051282045, "S5~10-11": 0.2459935897435878, "S3~10-11": 0.00801282051282045}, "61": {"F1~1-2": 6.8236476439387985, "F2~1-2": 1.498143681326225, "F0~0-1": 1.95799236346442, "S8~10-11": 0.5050554488067269, "F3~1-2": 0.6158753034434923, "S9~10-11": 0.031449588877475766, "F5~2-3": 0.1422813095145765, "F4~2-3": 0.390221868390364, "F7~2-3": 0.1422813095145765, "F6~1-2": 0.1422813095145765}, "62": {"F2~1-2": 7.723651822203513, "S9~10-11": 0.45910497167606984, "F3~1-2": 3.7742256171851185, "F0~0-1": 1.747142037446735, "F1~1-2": 1.8344248296991126, "F4~2-3": 1.2940066887302282, "F5~2-3": 0.5882897839163346, "F7~2-3": 0.1422813095145765, "F6~1-2": 0.16928669317467082}, "63": {"F3~1-2": 9.537875401387199, "F4~2-3": 3.0152214726384057, "F2~1-2": 1.3539908588812994, "F1~1-2": 0.8335159377664709, "F5~2-3": 1.2464675293364629, "F6~1-2": 0.7228635986027776, "F7~2-3": 1.2231214683577103, "F8~2-3": 0.1856106408706167, "S9~10-11": 0.00029671891194361867, "F0~0-1": 0.00029671891194361867}, "64": {"F4~2-3": 7.594293616095868, "F5~2-3": 2.7399467887274933, "F6~1-2": 1.2841049721692939, "F2~1-2": 1.1931920268057488, "F3~1-2": 1.989741816313268, "F7~2-3": 0.0013733021803239048, "F1~1-2": 0.2421049362202777}, "65": {"F5~2-3": 1.439967942283385, "F4~2-3": 0.4694189602446483, "F6~1-2": 1.445987168497643, "F7~2-3": 0.4694189602446483, "F3~1-2": 0.46941896024464824}}}