{"params": {"BindingCount": 2, "PropagationLevels": 3, "PruneInterval": 600, "PruningThreshold": 0.2, "BindingThreshold": 0.5, "DownPotentialFactor": 0.2, "CompNameSortByPotential": true, "FiringThreshold": 0.25, "ZeroingThreshold": 0.05, "DecayFactor": 0.6, "InitialPotential": 0.2, "ReinforcementRate": 0.3, "RefractoryPeriod": 7, "PostSpikeFactor": 1.0, "DefaultEncoderCeiling": 1024, "DefaultEncoderFloor": 0, "DefaultEncoderResolution": 10, "TraceLength": 60}, "meta": {"S0": {"min": 0.0, "max": 1.0, "res": 10.0}, "S1": {"min": 0.0, "max": 1.0, "res": 10.0}, "S2": {"min": 0.0, "max": 1.0, "res": 10.0}, "S3": {"min": 0.0, "max": 1.0, "res": 10.0}, "S4": {"min": 0.0, "max": 1.0, "res": 10.0}, "S5": {"min": 0.0, "max": 1.0, "res": 10.0}, "S6": {"min": 0.0, "max": 1.0, "res": 10.0}, "S7": {"min": 0.0, "max": 1.0, "res": 10.0}, "S8": {"min": 0.0, "max": 1.0, "res": 10.0}, "S9": {"min": 0.0, "max": 1.0, "res": 10.0}, "F0": {"min": 0.0, "max": 1024.0, "res": 10.0}, "F1": {"min": 0.0, "max": 1024.0, "res": 10.0}, "F2": {"min": 0.0, "max": 1024.0, "res": 10.0}, "F3": {"min": 0.0, "max": 1024.0, "res": 10.0}, "F4": {"min": 0.0, "max": 1024.0, "res": 10.0}, "F5": {"min": 0.0, "max": 1024.0, "res": 10.0}, "F6": {"min": 0.0, "max": 1024.0, "res": 10.0}, "F7": {"min": 0.0, "max": 1024.0, "res": 10.0}, "F8": {"min": 0.0, "max": 1024.0, "res": 10.0}, "F9": {"min": 0.0, "max": 1024.0, "res": 10.0}}, "datainputs": {"14": ["F4~1-2"], "15": ["F5~0-1"], "16": ["F6~0-1"], "17": ["F7~0-1"], "18": ["F8~1-2"], "19": ["F9~2-3"], "20": ["S0~10-11"], "21": ["S1~10-11"], "22": ["S2~10-11"], "23": ["S3~10-11"]}, "tscores_prod": {"14": {"F4~1-2": 1.0}, "15": {"F5~0-1": 1.0}, "16": {"F6~0-1": 1.0}, "17": {"F7~0-1": 1.0}, "18": {"F8~1-2": 1.0, "S0~10-11": 0.09814060276716872}, "19": {"F9~2-3": 1.0, "S1~10-11": 0.521478473013729, "S0~10-11": 0.04213127276013442, "S2~10-11": 0.07476685068735699}, "20": {"S0~10-11": 2.817949010235581, "S1~10-11": 2.297257982384909, "S2~10-11": 2.073182979324643, "S3~10-11": 0.7574697088320024, "S4~10-11": 0.7574697088320024}, "21": {"S1~10-11": 6.641117550753344, "S2~10-11": 4.321665991625851, "S3~10-11": 0.3620989396149517, "S4~10-11": 0.5444818552125394, "S0~10-11": 0.3825464849448447}, "22": {"S2~10-11": 3.005049972377726, "S1~10-11": 0.9942055559587785, "S3~10-11": 1.100095102131931, "S4~10-11": 0.7511179030955932, "S5~10-11": 0.06616032218301669}, "23": {"S3~10-11": 4.422844510284401, "S4~10-11": 1.7130514625164905, "S1~10-11": 0.01977464811013688, "S2~10-11": 1.0089194040145157, "S5~10-11": 1.4194102927760224, "S6~10-11": 0.5844649598636711}, "24": {"S2~10-11": 1.3373471579366871, "S5~10-11": 0.4919871794871815, "S6~10-11": 0.4919871794871835, "S7~10-11": 0.4919871794871835, "S8~10-11": 0.24599358974359176, "S4~10-11": 0.7510490385503167}}}