{"params": {"BindingCount": 2, "PropagationLevels": 3, "PruneInterval": 600, "PruningThreshold": 0.2, "BindingThreshold": 0.5, "DownPotentialFactor": 0.2, "CompNameSortByPotential": true, "FiringThreshold": 0.25, "ZeroingThreshold": 0.05, "DecayFactor": 0.6, "InitialPotential": 0.2, "ReinforcementRate": 0.3, "RefractoryPeriod": 7, "PostSpikeFactor": 1.0, "DefaultEncoderCeiling": 1024, "DefaultEncoderFloor": 0, "DefaultEncoderResolution": 10, "TraceLength": 60}, "meta": {"S0": {"min": 0.0, "max": 1.0, "res": 10.0}, "S1": {"min": 0.0, "max": 1.0, "res": 10.0}, "S2": {"min": 0.0, "max": 1.0, "res": 10.0}, "S3": {"min": 0.0, "max": 1.0, "res": 10.0}, "S4": {"min": 0.0, "max": 1.0, "res": 10.0}, "S5": {"min": 0.0, "max": 1.0, "res": 10.0}, "S6": {"min": 0.0, "max": 1.0, "res": 10.0}, "S7": {"min": 0.0, "max": 1.0, "res": 10.0}, "S8": {"min": 0.0, "max": 1.0, "res": 10.0}, "S9": {"min": 0.0, "max": 1.0, "res": 10.0}, "F0": {"min": 0.0, "max": 1024.0, "res": 10.0}, "F1": {"min": 0.0, "max": 1024.0, "res": 10.0}, "F2": {"min": 0.0, "max": 1024.0, "res": 10.0}, "F3": {"min": 0.0, "max": 1024.0, "res": 10.0}, "F4": {"min": 0.0, "max": 1024.0, "res": 10.0}, "F5": {"min": 0.0, "max": 1024.0, "res": 10.0}, "F6": {"min": 0.0, "max": 1024.0, "res": 10.0}, "F7": {"min": 0.0, "max": 1024.0, "res": 10.0}, "F8": {"min": 0.0, "max": 1024.0, "res": 10.0}, "F9": {"min": 0.0, "max": 1024.0, "res": 10.0}}, "datainputs": {"23": ["F6~1-2"], "24": ["F5~2-3"], "25": ["F4~2-3"]}, "tscores_prod": {"23": {"F6~1-2": 8.81533066795052, "F7~2-3": 6.012668639659136, "F5~2-3": 3.070378150151797, "F8~2-3": 1.924966066344224, "F4~2-3": 2.933457069109027, "F3~1-2": 0.5196658012451285, "F2~1-2": 0.4950490148029556}, "22": {"F8~2-3": 0.227839414267558, "F7~2-3": 0.6291487207706319, "F5~2-3": 0.5112628940841825, "F6~1-2": 0.27691420334936445, "F4~2-3": 0.3532661583754986, "F9~1-2": 0.07679509435456655, "F3~1-2": 0.01993046590795043}, "24": {"F5~2-3": 6.174645518039393, "F4~2-3": 3.567226736599451, "F3~1-2": 3.8619953229976174, "F2~1-2": 1.323743691770227, "F1~1-2": 0.45754231719112476, "F6~1-2": 1.252893796440383, "S9~10-11": 0.00029671891194361867, "F0~0-1": 0.00029671891194361867}, "25": {"F4~2-3": 8.103586385225082, "F3~1-2": 3.5525706380584796, "F5~2-3": 1.1505322465243655, "F6~1-2": 0.6724507132145096, "F7~2-3": 0.4694189602446483, "F2~1-2": 1.4841254081747826}, "26": {"F3~1-2": 1.4009406954545687, "F2~1-2": 0.9422059133408174, "F5~2-3": 0.9455723262534284}}}