{
    "traces": [
        [
            0.015374207973845169,
            0.031541011252591004,
            0.01752498616282423,
            0.041012230683255706,
            0.01947396809683409,
            0.02336773635256672,
            0.12242753218068844,
            0.0408882219860295,
            0.2059051304854111,
            0.5603577375883592,
            0.5603577375883592,
            0.49735338453506617,
            0.029184803078806703,
            0.024058787571809223,
            0.04724793997201844,
            0.021103788295667343,
            0.026789193793171923,
            0.022355442331792954,
            0.03692295281214106,
            0.019902930027683435,
            0
        ]
    ],
    "ntime": [
        19,
        19,
        19,
        19,
        19
    ],
    "ncounts": [
        21,
        6,
        15,
        21,
        39
    ],
    "nmask": [
        "reinforced",
        "input",
        "composite",
        "total",
        "synapses"
    ]
}