{
    "traces": [
        [],
        [],
        [],
        [],
        [
            1.0
        ],
        [
            0.8,
            1.0,
            0.2
        ],
        [
            0.6400000000000001,
            0.8,
            0.16000000000000003
        ],
        [
            0.5120000000000001,
            0.6400000000000001,
            0.12800000000000003
        ],
        [
            0.40960000000000013,
            0.5120000000000001,
            0.10240000000000003
        ],
        [
            0.32768000000000014,
            0.40960000000000013,
            0.08192000000000003
        ],
        [
            0.8,
            0.32768000000000014,
            0.06553600000000002
        ],
        [
            0.6400000000000001,
            0.2621440000000001,
            0.052428800000000025
        ],
        [
            0.74255,
            0.8,
            0.74255,
            0.2
        ]
    ],
    "ntime": [
        1,
        1,
        1,
        1,
        1,
        2,
        2,
        2,
        2,
        2,
        3,
        3,
        3,
        3,
        3,
        4,
        4,
        4,
        4,
        4,
        5,
        5,
        5,
        5,
        5,
        6,
        6,
        6,
        6,
        6,
        7,
        7,
        7,
        7,
        7,
        8,
        8,
        8,
        8,
        8,
        9,
        9,
        9,
        9,
        9,
        10,
        10,
        10,
        10,
        10,
        11,
        11,
        11,
        11,
        11,
        12,
        12,
        12,
        12,
        12
    ],
    "ncounts": [
        0,
        0,
        0,
        0,
        0,
        0,
        0,
        0,
        0,
        0,
        0,
        0,
        0,
        0,
        0,
        1,
        1,
        0,
        1,
        0,
        3,
        2,
        1,
        3,
        2,
        3,
        2,
        1,
        3,
        2,
        3,
        2,
        1,
        3,
        2,
        3,
        2,
        1,
        3,
        2,
        3,
        2,
        1,
        3,
        2,
        3,
        2,
        1,
        3,
        2,
        3,
        2,
        1,
        3,
        2,
        4,
        2,
        2,
        4,
        4
    ],
    "nmask": [
        "reinforced",
        "input",
        "composite",
        "total",
        "synapses",
        "reinforced",
        "input",
        "composite",
        "total",
        "synapses",
        "reinforced",
        "input",
        "composite",
        "total",
        "synapses",
        "reinforced",
        "input",
        "composite",
        "total",
        "synapses",
        "reinforced",
        "input",
        "composite",
        "total",
        "synapses",
        "reinforced",
        "input",
        "composite",
        "total",
        "synapses",
        "reinforced",
        "input",
        "composite",
        "total",
        "synapses",
        "reinforced",
        "input",
        "composite",
        "total",
        "synapses",
        "reinforced",
        "input",
        "composite",
        "total",
        "synapses",
        "reinforced",
        "input",
        "composite",
        "total",
        "synapses",
        "reinforced",
        "input",
        "composite",
        "total",
        "synapses",
        "reinforced",
        "input",
        "composite",
        "total",
        "synapses"
    ]
}