{
    "traces": [
        [],
        [],
        [],
        [],
        [
            1.0
        ],
        [
            0.8,
            1.0,
            0.2
        ],
        [
            0.6400000000000001,
            0.8,
            0.16000000000000003
        ],
        [
            0.5120000000000001,
            0.6400000000000001,
            0.12800000000000003
        ],
        [
            0.40960000000000013,
            0.5120000000000001,
            0.10240000000000003
        ],
        [
            0.32768000000000014,
            0.40960000000000013,
            0.08192000000000003
        ],
        [
            0.2621440000000001,
            0.32768000000000014,
            0.06553600000000002
        ],
        [
            0.2097152000000001,
            0.2621440000000001,
            0.052428800000000025
        ],
        [
            0.1677721600000001,
            0.2097152000000001,
            0.04194304000000002
        ],
        [
            0.13421772800000006,
            0.1677721600000001,
            0.0
        ],
        [
            0.10737418240000006,
            0.13421772800000006,
            0.0
        ],
        [
            0.08589934592000005,
            0.10737418240000006,
            0.0
        ],
        [
            0.06871947673600004,
            0.08589934592000005,
            0.0
        ],
        [
            0.054975581388800036,
            0.06871947673600004,
            0.0
        ],
        [
            0.043980465111040035,
            0.054975581388800036,
            0.0
        ]
    ],
    "ntime": [
        7,
        7,
        7,
        7,
        7,
        8,
        8,
        8,
        8,
        8,
        9,
        9,
        9,
        9,
        9,
        10,
        10,
        10,
        10,
        10,
        11,
        11,
        11,
        11,
        11,
        12,
        12,
        12,
        12,
        12,
        13,
        13,
        13,
        13,
        13,
        14,
        14,
        14,
        14,
        14,
        15,
        15,
        15,
        15,
        15,
        16,
        16,
        16,
        16,
        16,
        17,
        17,
        17,
        17,
        17,
        18,
        18,
        18,
        18,
        18
    ],
    "ncounts": [
        3,
        2,
        1,
        3,
        2,
        3,
        2,
        1,
        3,
        2,
        3,
        2,
        1,
        3,
        2,
        3,
        2,
        1,
        3,
        2,
        3,
        2,
        1,
        3,
        2,
        3,
        2,
        1,
        3,
        2,
        3,
        2,
        1,
        3,
        2,
        3,
        2,
        1,
        3,
        2,
        3,
        2,
        1,
        3,
        2,
        3,
        2,
        1,
        3,
        2,
        3,
        2,
        1,
        3,
        2,
        3,
        2,
        1,
        3,
        2
    ],
    "nmask": [
        "reinforced",
        "input",
        "composite",
        "total",
        "synapses",
        "reinforced",
        "input",
        "composite",
        "total",
        "synapses",
        "reinforced",
        "input",
        "composite",
        "total",
        "synapses",
        "reinforced",
        "input",
        "composite",
        "total",
        "synapses",
        "reinforced",
        "input",
        "composite",
        "total",
        "synapses",
        "reinforced",
        "input",
        "composite",
        "total",
        "synapses",
        "reinforced",
        "input",
        "composite",
        "total",
        "synapses",
        "reinforced",
        "input",
        "composite",
        "total",
        "synapses",
        "reinforced",
        "input",
        "composite",
        "total",
        "synapses",
        "reinforced",
        "input",
        "composite",
        "total",
        "synapses",
        "reinforced",
        "input",
        "composite",
        "total",
        "synapses",
        "reinforced",
        "input",
        "composite",
        "total",
        "synapses"
    ]
}