{"params": {"BindingCount": 2, "PropagationLevels": 3, "PruneInterval": 600, "PruningThreshold": 0.2, "BindingThreshold": 0.5, "DownPotentialFactor": 0.2, "CompNameSortByPotential": true, "FiringThreshold": 0.25, "ZeroingThreshold": 0.05, "DecayFactor": 0.6, "InitialPotential": 0.2, "ReinforcementRate": 0.3, "RefractoryPeriod": 7, "PostSpikeFactor": 1.0, "DefaultEncoderCeiling": 1024, "DefaultEncoderFloor": 0, "DefaultEncoderResolution": 10, "TraceLength": 60}, "meta": {"S0": {"min": 0.0, "max": 1.0, "res": 10.0}, "S1": {"min": 0.0, "max": 1.0, "res": 10.0}, "S2": {"min": 0.0, "max": 1.0, "res": 10.0}, "S3": {"min": 0.0, "max": 1.0, "res": 10.0}, "S4": {"min": 0.0, "max": 1.0, "res": 10.0}, "S5": {"min": 0.0, "max": 1.0, "res": 10.0}, "S6": {"min": 0.0, "max": 1.0, "res": 10.0}, "S7": {"min": 0.0, "max": 1.0, "res": 10.0}, "S8": {"min": 0.0, "max": 1.0, "res": 10.0}, "S9": {"min": 0.0, "max": 1.0, "res": 10.0}, "F0": {"min": 0.0, "max": 1024.0, "res": 10.0}, "F1": {"min": 0.0, "max": 1024.0, "res": 10.0}, "F2": {"min": 0.0, "max": 1024.0, "res": 10.0}, "F3": {"min": 0.0, "max": 1024.0, "res": 10.0}, "F4": {"min": 0.0, "max": 1024.0, "res": 10.0}, "F5": {"min": 0.0, "max": 1024.0, "res": 10.0}, "F6": {"min": 0.0, "max": 1024.0, "res": 10.0}, "F7": {"min": 0.0, "max": 1024.0, "res": 10.0}, "F8": {"min": 0.0, "max": 1024.0, "res": 10.0}, "F9": {"min": 0.0, "max": 1024.0, "res": 10.0}}, "datainputs": {"25": ["F4~2-3"], "26": ["F3~1-2"], "27": ["F2~1-2"], "28": ["F1~1-2"], "29": ["F0~0-1"], "30": ["S9~10-11"]}, "tscores_prod": {"25": {"F4~2-3": 11.521182457006296, "F3~1-2": 6.81664273956168, "F5~2-3": 4.192458116274028, "F2~1-2": 2.036069631347045, "F7~2-3": 1.7177627929011072, "F6~1-2": 1.9580366977180328, "F1~1-2": 0.7940168101916175, "F0~0-1": 0.117308235308017, "F8~2-3": 0.1893221892894463}, "23": {"F5~2-3": 0.0032904955959003083}, "24": {"F5~2-3": 0.29548139423974407, "F7~2-3": 0.38280746444182, "F6~1-2": 0.382816664771674, "F3~1-2": 0.5415847446941774, "F2~1-2": 0.12133965226287863, "S9~10-11": 0.00029671891194361867, "F0~0-1": 0.00029671891194361867}, "26": {"F3~1-2": 7.9706477643922256, "F2~1-2": 2.263435649285634, "F1~1-2": 0.8575932695927786, "F6~1-2": 2.2422648429561294, "F4~2-3": 0.4960576981638882, "F5~2-3": 2.580606471372949, "F7~2-3": 0.47177149154966747, "S9~10-11": 0.007629948452595281, "F0~0-1": 0.16019726581271163}, "27": {"F2~1-2": 0.25333865481135703, "F1~1-2": 0.599642889258826}, "30": {"F0~0-1": 8.2470779224325, "S9~10-11": 9.50840708077214, "F1~1-2": 1.2735780376367494, "S8~10-11": 3.5393357420692184, "F2~1-2": 1.3515301072068218, "S7~10-11": 0.9553353192830799, "F3~1-2": 0.0029524512829487365, "S6~10-11": 0.12888044790427036}, "28": {"F1~1-2": 0.12646231188339804, "F0~0-1": 0.12646231188339804, "F2~1-2": 0.12646231188339804}, "29": {"F2~1-2": 0.938114496000925, "F1~1-2": 0.8572992723774553, "S9~10-11": 1.0901843140975673, "S8~10-11": 1.3775878098199343, "S7~10-11": 0.6427524535309672, "F0~0-1": 0.6472842351454424, "F3~1-2": 0.2641325801165465, "F4~2-3": 0.24603111110834416}, "31": {"S8~10-11": 4.233611473543259, "F1~1-2": 0.009617105156184809, "S7~10-11": 1.218813092675014}}}