{"params": {"BindingCount": 2, "PropagationLevels": 3, "PruneInterval": 600, "PruningThreshold": 0.2, "BindingThreshold": 0.5, "DownPotentialFactor": 0.2, "CompNameSortByPotential": true, "FiringThreshold": 0.25, "ZeroingThreshold": 0.05, "DecayFactor": 0.6, "InitialPotential": 0.2, "ReinforcementRate": 0.3, "RefractoryPeriod": 7, "PostSpikeFactor": 1.0, "DefaultEncoderCeiling": 1024, "DefaultEncoderFloor": 0, "DefaultEncoderResolution": 10, "TraceLength": 60}, "meta": {"S0": {"min": 0.0, "max": 1.0, "res": 10.0}, "S1": {"min": 0.0, "max": 1.0, "res": 10.0}, "S2": {"min": 0.0, "max": 1.0, "res": 10.0}, "S3": {"min": 0.0, "max": 1.0, "res": 10.0}, "S4": {"min": 0.0, "max": 1.0, "res": 10.0}, "S5": {"min": 0.0, "max": 1.0, "res": 10.0}, "S6": {"min": 0.0, "max": 1.0, "res": 10.0}, "S7": {"min": 0.0, "max": 1.0, "res": 10.0}, "S8": {"min": 0.0, "max": 1.0, "res": 10.0}, "S9": {"min": 0.0, "max": 1.0, "res": 10.0}, "F0": {"min": 0.0, "max": 1024.0, "res": 10.0}, "F1": {"min": 0.0, "max": 1024.0, "res": 10.0}, "F2": {"min": 0.0, "max": 1024.0, "res": 10.0}, "F3": {"min": 0.0, "max": 1024.0, "res": 10.0}, "F4": {"min": 0.0, "max": 1024.0, "res": 10.0}, "F5": {"min": 0.0, "max": 1024.0, "res": 10.0}, "F6": {"min": 0.0, "max": 1024.0, "res": 10.0}, "F7": {"min": 0.0, "max": 1024.0, "res": 10.0}, "F8": {"min": 0.0, "max": 1024.0, "res": 10.0}, "F9": {"min": 0.0, "max": 1024.0, "res": 10.0}}, "datainputs": {"24": ["F5~2-3"], "25": ["F4~2-3"]}, "tscores_prod": {"24": {"F5~2-3": 9.76702570600294, "F4~2-3": 5.60744957453806, "F6~1-2": 3.5045902779822797, "F3~1-2": 3.984122570305867, "F2~1-2": 1.044181634542879, "F7~2-3": 3.4333539160876674, "F8~2-3": 0.7926311454963473, "S9~10-11": 0.00029671891194361867, "F0~0-1": 0.00029671891194361867, "F1~1-2": 0.23747658402157504}, "23": {"F6~1-2": 0.42020662212181814, "F4~2-3": 0.20697447474676045, "F5~2-3": 0.19308118432372265, "F7~2-3": 0.5083998943145023, "F3~1-2": 7.425680544316539e-05}, "25": {"F4~2-3": 9.3570692028814, "F3~1-2": 4.732106217279757, "F2~1-2": 2.3658941666383915, "F1~1-2": 0.33274561627886406, "F6~1-2": 2.4347676799729796, "F5~2-3": 1.0960278218582793, "F7~2-3": 0.47106325999557364, "F0~0-1": 0.117308235308017}, "26": {"F1~1-2": 0.016928289773460534, "F3~1-2": 1.4052158122404346, "F2~1-2": 0.9453084789565067, "F4~2-3": 0.008517480108510122, "F5~2-3": 0.9484889380349962}}}