unix_time,S0,S1,S2,S3,S4,S5,S6,S7,S8,S9,F0,F1,F2,F3,F4,F5,F6,F7,F8,F9
23,0,0,0,0,0,0,0,0,0,0,0,0,0,7.425680544316539e-05,0.20697447474676045,0.19308118432372265,0.42020662212181814,0.5083998943145023,0,0
24,0,0,0,0,0,0,0,0,0,0.00029671891194361867,0.00029671891194361867,0.23747658402157504,1.0359012082372918,3.979115315576206,5.594893342862551,9.7445774209683,3.5038107901375386,3.4326425095400945,0.7926311454963473,0
25,0,0,0,0,0,0,0,0,0,0,0.1161884648759087,0.7708578367087812,1.9779906198443036,4.539253838120851,9.169416543702276,1.0958820975457533,2.434823438077245,0.47106325999557364,0,0
26,0,0,0,0,0,0,0,0,0,0.007629948452595281,0.16019726581271163,0.641859012988391,1.8308605816603034,6.347435993984597,0.02441341740263472,0.9484889380349962,0,0,0,0
27,0,0,0,0,0,0,0,0,0,0,0,0.599642889258826,0.25333865481135703,0,0,0,0,0,0,0
