{"params": {"BindingCount": 2, "PropagationLevels": 3, "PruneInterval": 600, "PruningThreshold": 0.2, "BindingThreshold": 0.5, "DownPotentialFactor": 0.2, "CompNameSortByPotential": true, "FiringThreshold": 0.25, "ZeroingThreshold": 0.05, "DecayFactor": 0.6, "InitialPotential": 0.2, "ReinforcementRate": 0.3, "RefractoryPeriod": 7, "PostSpikeFactor": 1.0, "DefaultEncoderCeiling": 1024, "DefaultEncoderFloor": 0, "DefaultEncoderResolution": 10, "TraceLength": 60}, "meta": {"S0": {"min": 0.0, "max": 1.0, "res": 10.0}, "S1": {"min": 0.0, "max": 1.0, "res": 10.0}, "S2": {"min": 0.0, "max": 1.0, "res": 10.0}, "S3": {"min": 0.0, "max": 1.0, "res": 10.0}, "S4": {"min": 0.0, "max": 1.0, "res": 10.0}, "S5": {"min": 0.0, "max": 1.0, "res": 10.0}, "S6": {"min": 0.0, "max": 1.0, "res": 10.0}, "S7": {"min": 0.0, "max": 1.0, "res": 10.0}, "S8": {"min": 0.0, "max": 1.0, "res": 10.0}, "S9": {"min": 0.0, "max": 1.0, "res": 10.0}, "F0": {"min": 0.0, "max": 1024.0, "res": 10.0}, "F1": {"min": 0.0, "max": 1024.0, "res": 10.0}, "F2": {"min": 0.0, "max": 1024.0, "res": 10.0}, "F3": {"min": 0.0, "max": 1024.0, "res": 10.0}, "F4": {"min": 0.0, "max": 1024.0, "res": 10.0}, "F5": {"min": 0.0, "max": 1024.0, "res": 10.0}, "F6": {"min": 0.0, "max": 1024.0, "res": 10.0}, "F7": {"min": 0.0, "max": 1024.0, "res": 10.0}, "F8": {"min": 0.0, "max": 1024.0, "res": 10.0}, "F9": {"min": 0.0, "max": 1024.0, "res": 10.0}}, "datainputs": {"24": ["F5~2-3"]}, "tscores_prod": {"24": {"F5~2-3": 10.104884813688228, "F4~2-3": 5.540631893795842, "F6~1-2": 3.4058207013454607, "F3~1-2": 4.4526665860173065, "F2~1-2": 1.2239596592712212, "F7~2-3": 3.629830538684955, "F8~2-3": 0.7926311454963473, "F1~1-2": 0.23747658402157504}, "23": {"F6~1-2": 0.42020662212181814, "F4~2-3": 0.2069744747503906, "F5~2-3": 0.18979068872782234, "F7~2-3": 0.5083998943145023, "F3~1-2": 7.425680907332192e-05}, "25": {"F4~2-3": 1.7832509696730332, "F3~1-2": 1.8360905741821287, "F2~1-2": 0.43087476194169405, "F1~1-2": 0.21543738097084705, "F6~1-2": 2.2409950949949553, "F5~2-3": 0.6585242634203362, "F7~2-3": 0.47106325999557364}}}