unix_time,S0,S1,S2,S3,S4,S5,S6,S7,S8,S9,F0,F1,F2,F3,F4,F5,F6,F7,F8,F9
23,0,0,0,0,0,0,0,0,0,0,0,0,0,7.425680544316539e-05,0.20697447474676045,0.19308118432372265,0.42020662212181814,0.5083998943145023,0,0
24,0,0,0,0,0,0,0,0,0,0.00029671891194361867,0.00029671891194361867,0.23747658402157504,1.0359012082372918,3.979115315576206,5.594893342862551,9.7445774209683,3.5038107901375386,3.4326425095400945,0.7926311454963473,0
25,0,0,0,0,0,0,0,0,0,0,0.1161884648759087,0.7708578367087812,1.9779906198443036,4.539253838120851,9.169416543702276,1.0958820975457533,2.434823438077245,0.47106325999557364,0,0
26,0,0,0,0,0,0,0,0,0,0.007629948452595281,0.16019726581271163,0.641859012988391,1.8308605816603034,6.347435993984597,0.02441341740263472,0.9484889380349962,0,0,0,0
27,0,0,0,0,0,0,0,0,0,0,0,0.599642889258826,0.25333865481135703,0,0,0,0,0,0,0
28,0,0,0,0,0,0,0,0.3740852736577174,1.4463408108700342,1.4398005272300685,0.5539855973871372,0.5886320925042055,0.9224950097546417,0.2641325801165465,0.24603111110834416,0,0,0,0,0
29,0,0,0,0,0,0,0.007837514553335333,0.5302555866791959,1.2537822512285692,1.9772689741162575,9.227083073066467,2.1526991942950313,2.808015597058446,0.41832445148868425,0.006668308830938423,0,0,0,0,0
30,0,0,0,0,0,0,0,0,0.5119974538021651,0.002777336107960348,0.8297070509363316,5.884239846912558,0.5392417038416638,0,0,0,0,0,0,0
31,0,0,0,0,0,0,0,0,0,0.4941507524664079,0,0,0,0,0,0,0,0,0,0
