{"params": {"BindingCount": 2, "PropagationLevels": 3, "PruneInterval": 600, "PruningThreshold": 0.2, "BindingThreshold": 0.5, "DownPotentialFactor": 0.2, "CompNameSortByPotential": true, "FiringThreshold": 0.25, "ZeroingThreshold": 0.05, "DecayFactor": 0.6, "InitialPotential": 0.2, "ReinforcementRate": 0.3, "RefractoryPeriod": 7, "PostSpikeFactor": 1.0, "DefaultEncoderCeiling": 1024, "DefaultEncoderFloor": 0, "DefaultEncoderResolution": 10, "TraceLength": 60}, "meta": {"S0": {"min": 0.0, "max": 1.0, "res": 10.0}, "S1": {"min": 0.0, "max": 1.0, "res": 10.0}, "S2": {"min": 0.0, "max": 1.0, "res": 10.0}, "S3": {"min": 0.0, "max": 1.0, "res": 10.0}, "S4": {"min": 0.0, "max": 1.0, "res": 10.0}, "S5": {"min": 0.0, "max": 1.0, "res": 10.0}, "S6": {"min": 0.0, "max": 1.0, "res": 10.0}, "S7": {"min": 0.0, "max": 1.0, "res": 10.0}, "S8": {"min": 0.0, "max": 1.0, "res": 10.0}, "S9": {"min": 0.0, "max": 1.0, "res": 10.0}, "F0": {"min": 0.0, "max": 1024.0, "res": 10.0}, "F1": {"min": 0.0, "max": 1024.0, "res": 10.0}, "F2": {"min": 0.0, "max": 1024.0, "res": 10.0}, "F3": {"min": 0.0, "max": 1024.0, "res": 10.0}, "F4": {"min": 0.0, "max": 1024.0, "res": 10.0}, "F5": {"min": 0.0, "max": 1024.0, "res": 10.0}, "F6": {"min": 0.0, "max": 1024.0, "res": 10.0}, "F7": {"min": 0.0, "max": 1024.0, "res": 10.0}, "F8": {"min": 0.0, "max": 1024.0, "res": 10.0}, "F9": {"min": 0.0, "max": 1024.0, "res": 10.0}}, "datainputs": {"12": ["F2~0-1"], "13": ["F3~1-2"], "14": ["F4~1-2"], "15": ["F5~0-1"], "16": ["F6~0-1"], "17": ["F7~0-1"], "18": ["F8~1-2"], "19": ["F9~2-3"], "20": ["S0~10-11"], "21": ["S1~10-11"]}, "tscores_prod": {"12": {"F2~0-1": 4.593191061799746, "F1~1-2": 1.7324771822909262, "F3~1-2": 2.0909712193781447, "F5~0-1": 0.845488967697685, "F0~0-1": 0.7896900108497429, "F4~1-2": 1.4951795390171931, "S9~10-11": 0.23875110737134628, "F6~0-1": 0.2676423968808541, "F7~0-1": 0.13382296798388638}, "11": {"F3~1-2": 0.6206245736925231, "F4~1-2": 0.1855050362652567, "F6~0-1": 0.09510532837670384, "F2~0-1": 0.2175773374080002, "F1~1-2": 0.23049452838386497, "F0~0-1": 0.23049452838386497, "S9~10-11": 0.10802251935256862}, "13": {"F3~1-2": 4.5432880649511835, "F4~1-2": 2.1773713100891157, "S9~10-11": 0.28793202256017897, "F2~0-1": 1.2922329033254392, "F1~1-2": 0.2821898155218967, "F5~0-1": 1.9002584574255175, "F6~0-1": 0.11281776241320271, "F7~0-1": 0.09510532837670384}, "14": {"F4~1-2": 2.910316924477414, "F5~0-1": 1.1955539261648291, "F1~1-2": 0.2879232515888814, "F3~1-2": 0.3654905446822251, "F6~0-1": 1.4440299160421397, "F2~0-1": 0.18274527234111254, "F7~0-1": 0.3835377044113786, "F8~1-2": 0.2289282963605902}, "15": {"F5~0-1": 3.96343194569519, "F6~0-1": 1.0424684284084162, "F4~1-2": 0.5414812127919463, "F7~0-1": 1.6626387185168132, "F8~1-2": 0.341026634235822, "S0~10-11": 0.13381942889696777, "F9~2-3": 0.13381942889696777, "F3~1-2": 0.1168939922012973}, "16": {"F6~0-1": 4.1052539279150775, "F7~0-1": 1.7168028063686094, "F5~0-1": 0.7052033549815253, "F4~1-2": 0.18274527234111254, "F8~1-2": 1.1721846935712528, "S1~10-11": 0.158051445760943, "S0~10-11": 0.29186581844540194, "F9~2-3": 0.28022677388146205}, "17": {"F7~0-1": 3.295252936205461, "F8~1-2": 1.5553546132157687, "F6~0-1": 0.4043948467485853, "F9~2-3": 0.8735792954638897, "S1~10-11": 0.5011622777015119, "S0~10-11": 0.6570145707328479}, "18": {"F8~1-2": 2.70626254857897, "F9~2-3": 0.7933389201827807, "S0~10-11": 0.27404488752980827, "S2~10-11": 0.0033874286356304116, "S1~10-11": 0.00015136780894929185, "F7~0-1": 0.1168939922012973}, "19": {"F9~2-3": 6.080166755019225, "S0~10-11": 1.7823850957188734, "S1~10-11": 0.8372855311091626, "S2~10-11": 0.03869533010543171, "F8~1-2": 2.387478492788587, "F7~0-1": 0.33985800526118803, "S3~10-11": 0.01965364989586026, "F6~0-1": 0.1081566401576124}, "20": {"S0~10-11": 6.3292956264569185, "S1~10-11": 2.7159743058259274, "S2~10-11": 0.3911663020501961, "S3~10-11": 1.004392761834266, "F9~2-3": 0.9654168799890803, "F8~1-2": 0.9654168799890803, "S4~10-11": 0.14569772083352037, "S5~10-11": 0.2674559723585151}, "21": {"S1~10-11": 2.2712559573405624, "S2~10-11": 0.04573002757717398, "S0~10-11": 0.7811693869995882, "S4~10-11": 0.4150692662196567}}}