{"params": {"BindingCount": 2, "PropagationLevels": 3, "PruneInterval": 600, "PruningThreshold": 0.2, "BindingThreshold": 0.5, "DownPotentialFactor": 0.2, "CompNameSortByPotential": true, "FiringThreshold": 0.25, "ZeroingThreshold": 0.05, "DecayFactor": 0.6, "InitialPotential": 0.2, "ReinforcementRate": 0.3, "RefractoryPeriod": 7, "PostSpikeFactor": 1.0, "DefaultEncoderCeiling": 1024, "DefaultEncoderFloor": 0, "DefaultEncoderResolution": 10, "TraceLength": 60}, "meta": {"S0": {"min": 0.0, "max": 1.0, "res": 10.0}, "S1": {"min": 0.0, "max": 1.0, "res": 10.0}, "S2": {"min": 0.0, "max": 1.0, "res": 10.0}, "S3": {"min": 0.0, "max": 1.0, "res": 10.0}, "S4": {"min": 0.0, "max": 1.0, "res": 10.0}, "S5": {"min": 0.0, "max": 1.0, "res": 10.0}, "S6": {"min": 0.0, "max": 1.0, "res": 10.0}, "S7": {"min": 0.0, "max": 1.0, "res": 10.0}, "S8": {"min": 0.0, "max": 1.0, "res": 10.0}, "S9": {"min": 0.0, "max": 1.0, "res": 10.0}, "F0": {"min": 0.0, "max": 1024.0, "res": 10.0}, "F1": {"min": 0.0, "max": 1024.0, "res": 10.0}, "F2": {"min": 0.0, "max": 1024.0, "res": 10.0}, "F3": {"min": 0.0, "max": 1024.0, "res": 10.0}, "F4": {"min": 0.0, "max": 1024.0, "res": 10.0}, "F5": {"min": 0.0, "max": 1024.0, "res": 10.0}, "F6": {"min": 0.0, "max": 1024.0, "res": 10.0}, "F7": {"min": 0.0, "max": 1024.0, "res": 10.0}, "F8": {"min": 0.0, "max": 1024.0, "res": 10.0}, "F9": {"min": 0.0, "max": 1024.0, "res": 10.0}}, "datainputs": {"24": ["F5~2-3"], "25": ["F4~2-3"], "26": ["F3~1-2"], "27": ["F2~1-2"], "28": ["F1~1-2"], "29": ["F0~0-1"], "30": ["S9~10-11"]}, "tscores_prod": {"24": {"F5~2-3": 9.7445774209683, "F4~2-3": 5.594893342862551, "F6~1-2": 3.5038107901375386, "F3~1-2": 3.979115315576206, "F2~1-2": 1.0359012082372918, "F7~2-3": 3.4326425095400945, "F8~2-3": 0.7926311454963473, "S9~10-11": 0.00029671891194361867, "F0~0-1": 0.00029671891194361867, "F1~1-2": 0.23747658402157504}, "23": {"F6~1-2": 0.42020662212181814, "F4~2-3": 0.20697447474676045, "F5~2-3": 0.19308118432372265, "F7~2-3": 0.5083998943145023, "F3~1-2": 7.425680544316539e-05}, "25": {"F4~2-3": 9.169416543702276, "F3~1-2": 4.539253838120851, "F2~1-2": 1.9779906198443036, "F1~1-2": 0.7708578367087812, "F6~1-2": 2.434823438077245, "F5~2-3": 1.0958820975457533, "F7~2-3": 0.47106325999557364, "F0~0-1": 0.1161884648759087}, "26": {"F3~1-2": 6.347435993984597, "F2~1-2": 1.8308605816603034, "F1~1-2": 0.641859012988391, "F4~2-3": 0.02441341740263472, "F5~2-3": 0.9484889380349962, "S9~10-11": 0.007629948452595281, "F0~0-1": 0.16019726581271163}, "27": {"F2~1-2": 0.25333865481135703, "F1~1-2": 0.599642889258826}, "29": {"F0~0-1": 10.209758690754862, "F1~1-2": 2.345784122047545, "S9~10-11": 2.2140151174237896, "F2~1-2": 2.681553285175048, "F3~1-2": 0.41832445148868425, "S7~10-11": 0.7977524279438768, "S8~10-11": 1.1836211772034706, "S6~10-11": 0.007803629568673851, "F4~2-3": 0.006668308830938423}, "28": {"F2~1-2": 1.0290101050288916, "F1~1-2": 0.6951471877784554, "S9~10-11": 1.4406767411012145, "S8~10-11": 1.44721702474118, "F0~0-1": 0.6605006926613872, "S7~10-11": 0.3740852736577174, "F3~1-2": 0.2641325801165465, "F4~2-3": 0.24603111110834416}, "30": {"F1~1-2": 6.093823472744108, "S9~10-11": 8.71990923722807, "F2~1-2": 0.5391663921381412, "S8~10-11": 2.2651070851038453, "F0~0-1": 1.7147900635476818, "S7~10-11": 0.42649234912247097, "S6~10-11": 0.12104293335093504}, "31": {"S8~10-11": 3.703044945070777, "S7~10-11": 1.218813092675014}}}