{"params": {"BindingCount": 2, "PropagationLevels": 3, "PruneInterval": 600, "PruningThreshold": 0.2, "BindingThreshold": 0.5, "DownPotentialFactor": 0.2, "CompNameSortByPotential": true, "FiringThreshold": 0.25, "ZeroingThreshold": 0.05, "DecayFactor": 0.6, "InitialPotential": 0.2, "ReinforcementRate": 0.3, "RefractoryPeriod": 7, "PostSpikeFactor": 1.0, "DefaultEncoderCeiling": 1024, "DefaultEncoderFloor": 0, "DefaultEncoderResolution": 10, "TraceLength": 60}, "meta": {"S0": {"min": 0.0, "max": 1.0, "res": 10.0}, "S1": {"min": 0.0, "max": 1.0, "res": 10.0}, "S2": {"min": 0.0, "max": 1.0, "res": 10.0}, "S3": {"min": 0.0, "max": 1.0, "res": 10.0}, "S4": {"min": 0.0, "max": 1.0, "res": 10.0}, "S5": {"min": 0.0, "max": 1.0, "res": 10.0}, "S6": {"min": 0.0, "max": 1.0, "res": 10.0}, "S7": {"min": 0.0, "max": 1.0, "res": 10.0}, "S8": {"min": 0.0, "max": 1.0, "res": 10.0}, "S9": {"min": 0.0, "max": 1.0, "res": 10.0}, "F0": {"min": 0.0, "max": 1024.0, "res": 10.0}, "F1": {"min": 0.0, "max": 1024.0, "res": 10.0}, "F2": {"min": 0.0, "max": 1024.0, "res": 10.0}, "F3": {"min": 0.0, "max": 1024.0, "res": 10.0}, "F4": {"min": 0.0, "max": 1024.0, "res": 10.0}, "F5": {"min": 0.0, "max": 1024.0, "res": 10.0}, "F6": {"min": 0.0, "max": 1024.0, "res": 10.0}, "F7": {"min": 0.0, "max": 1024.0, "res": 10.0}, "F8": {"min": 0.0, "max": 1024.0, "res": 10.0}, "F9": {"min": 0.0, "max": 1024.0, "res": 10.0}}, "datainputs": {"54": ["S4~10-11"], "55": ["S5~10-11"], "56": ["S6~10-11"], "57": ["S7~10-11"], "58": ["S8~10-11"], "59": ["S9~10-11"], "60": ["F0~0-1"], "61": ["F1~1-2"], "62": ["F2~1-2"], "63": ["F3~1-2"]}, "tscores_prod": {"54": {"S4~10-11": 6.619866616493487, "S5~10-11": 3.3242088990041396, "S3~10-11": 3.3897445392457817, "S1~10-11": 0.28725862731903673, "S6~10-11": 2.0912251928836625, "S7~10-11": 0.13801175829665951, "S2~10-11": 0.009795663298893859}, "53": {"S5~10-11": 0.23501486090719476, "S4~10-11": 1.1254084516874787, "S2~10-11": 0.08874393388740909, "S3~10-11": 1.1146770695869506, "S6~10-11": 0.09934308718980459, "S1~10-11": 0.003796507213363706}, "55": {"S5~10-11": 4.58363990763469, "S3~10-11": 3.2211959105391594, "S6~10-11": 2.4486501626876067, "S7~10-11": 2.1073683724434353, "S8~10-11": 0.9368859137555543, "S4~10-11": 0.7316576442490021, "S1~10-11": 0.015452125828321221, "S2~10-11": 0.5505051098801095}, "56": {"S6~10-11": 4.7821371878877255, "S7~10-11": 2.6404787987898866, "S8~10-11": 1.9526235252459825, "S5~10-11": 0.8765585408667078, "S9~10-11": 0.35955767997942817, "F0~0-1": 0.009543847889065472}, "57": {"S7~10-11": 5.6550697130692695, "S8~10-11": 4.099177949068091, "S9~10-11": 1.2798356244191866, "F0~0-1": 0.3789413693214753, "F1~1-2": 0.1367221583689643, "F2~1-2": 0.1367221583689643, "S6~10-11": 0.6948316852442631}, "58": {"S8~10-11": 6.84847925894003, "S9~10-11": 3.446412674204988, "F0~0-1": 1.094449228611549, "S7~10-11": 1.043192001021125, "F1~1-2": 0.26866717987324995, "F2~1-2": 0.25546507337249513, "F3~1-2": 0.25546507337249513, "F4~2-3": 0.24603111110834416}, "59": {"S9~10-11": 6.558185182064827, "F0~0-1": 4.705542103223385, "F1~1-2": 1.4806471989084662, "F2~1-2": 1.148359567261689, "S7~10-11": 0.24056693152166184, "S8~10-11": 0.4373919704044915, "F3~1-2": 0.008667506744051387}, "60": {"F0~0-1": 3.5077602202055065, "F1~1-2": 1.3188646591871027, "F2~1-2": 2.3052506604508944, "F3~1-2": 0.4163218075076455, "S9~10-11": 0.027560078826835442, "F5~2-3": 0.14228130951457654, "F4~2-3": 0.14894961834551496, "F7~2-3": 0.14228130951457654, "F6~1-2": 0.14228130951457654, "S8~10-11": 0.006131484148250296}, "61": {"F1~1-2": 7.117594028447496, "F2~1-2": 1.6796764710358252, "F0~0-1": 1.4600223885159394, "S9~10-11": 0.02821359363825622, "F3~1-2": 0.5813897789545532, "F5~2-3": 0.15515870003410992, "F4~2-3": 0.41583185214752283, "F7~2-3": 0.1422813095145765, "F6~1-2": 0.15515870003410992}, "62": {"F2~1-2": 7.809674832718508, "F3~1-2": 4.477187026729387, "F0~0-1": 0.7937924147387767, "F1~1-2": 1.6958591366156122, "F4~2-3": 1.29092842395132, "F5~2-3": 0.584632406273656, "F7~2-3": 0.1422813095145765, "F6~1-2": 0.16963248442736037}, "63": {"F3~1-2": 8.629487025672045, "F4~2-3": 2.7134183456334617, "F2~1-2": 0.7356143722154823, "F1~1-2": 0.8483837106690948, "F5~2-3": 1.7072838608888192, "F6~1-2": 0.6718784620606412, "F7~2-3": 1.1719281514607587, "F8~2-3": 0.1856106408706167}, "64": {"F4~2-3": 0.016229624667477002, "F6~1-2": 0.6045949214026604, "F5~2-3": 0.9484889380349962}}}